Peptide_ID,Sequence,UMAP_1,UMAP_2,Final_Main_Cluster,Final_Family,Experimental_IGR_available,Ice_Growth_Rate,Low_IGR_hit
1,IAQPQEKAPDPY,1.1771845,6.3037353,Cluster-2,C2-Sub-3,False,,False
2,GPGEKGPQGPAG,11.123397,4.8428526,Cluster-1,Cluster-1,False,,False
3,NAITDVVPAPK,2.2523956,5.1386886,Cluster-2,C2-Sub-3,False,,False
4,GELGPAGPRG,7.7974467,6.3339653,Cluster-1,Cluster-1,False,,False
5,AGPAGARGPP,6.138864,3.5894685,Cluster-2,C2-Sub-1,False,,False
6,GDSGPAGPKG,9.874076,5.6160517,Cluster-1,Cluster-1,False,,False
7,GEVGPAGSSG,9.061966,6.093703,Cluster-1,Cluster-1,False,,False
8,GPAGPAGPRG,6.4280825,3.1135185,Cluster-1,Cluster-1,False,,False
9,KEGPAGPAGQ,10.629785,4.9904356,Cluster-1,Cluster-1,False,,False
10,KGEPGAAGPL,10.443007,4.990675,Cluster-1,Cluster-1,False,,False
11,QGPSGLVGER,7.285221,5.6420093,Cluster-2,C2-Sub-1,False,,False
12,QGPSGPGGER,5.2592945,4.5268655,Cluster-2,C2-Sub-1,False,,False
13,QGVAGPAGGK,3.9869452,5.765626,Cluster-2,C2-Sub-1,False,,False
14,GPAGSAGKDGP,10.393635,4.639153,Cluster-1,Cluster-1,False,,False
15,EGPAGPAGQDG,10.748992,5.0826836,Cluster-1,Cluster-1,False,,False
16,GAAGEPGKPGE,7.53418,5.0652156,Cluster-2,C2-Sub-1,False,,False
17,GPSGSNGVPGK,10.510541,3.4985876,Cluster-1,Cluster-1,False,,False
18,PGSDGAAGPKG,11.71776,4.0920672,Cluster-1,Cluster-1,False,,False
19,PGSPGGPGKPG,7.137388,4.422525,Cluster-1,Cluster-1,False,,False
20,QGPSGPGGERG,6.9416366,5.587384,Cluster-1,Cluster-1,False,,False
21,GPAGPSGADGPQ,9.362127,4.5917177,Cluster-1,Cluster-1,False,,False
22,GAPGPAGNDGAK,11.054905,3.5075798,Cluster-1,Cluster-1,False,,False
23,GFPGSDGAAGPK,10.561413,4.554304,Cluster-1,Cluster-1,False,,False
24,GFQGEAGPQGPK,11.253034,4.52058,Cluster-1,Cluster-1,False,,False
25,GPAGPAGPAGER,6.855886,3.1458957,Cluster-2,C2-Sub-1,False,,False
26,GPAGPVGKDGAR,11.026551,3.4264073,Cluster-1,Cluster-1,False,,False
27,RGEAGPAGPAGF,8.559639,6.4932775,Cluster-2,C2-Sub-1,False,,False
28,RGETGPAGPAGA,8.564405,2.2812107,Cluster-2,C2-Sub-1,False,,False
29,LGEAITDVVPAPK,2.1042533,5.6839437,Cluster-2,C2-Sub-3,False,,False
30,GEIGPAGATGPSG,9.946903,2.6179452,Cluster-1,Cluster-1,False,,False
31,GFPGSDGAAGPKG,11.202935,4.790474,Cluster-1,Cluster-1,False,,False
32,GAAGEPGKPGERG,7.390481,5.184256,Cluster-1,Cluster-1,False,,False
33,GPAGASGPAGPRG,7.552082,2.706978,Cluster-1,Cluster-1,False,,False
34,GPAGPHGPPGKDG,11.27944,5.2360115,Cluster-1,Cluster-1,False,,False
35,ALVFVDNHDNQR,1.8856056,5.525872,Cluster-2,C2-Sub-3,False,,False
36,ALVFVDNHDNQRG,1.5179603,5.963676,Cluster-2,C2-Sub-3,False,,False
37,DLEGSLEQEK,2.2379208,6.2933383,Cluster-2,C2-Sub-3,False,,False
38,GLLDLALEKD,1.8560884,6.2736382,Cluster-2,C2-Sub-3,False,,False
39,GTADFLPSKPR,2.8107405,5.418818,Cluster-2,C2-Sub-2,False,,False
40,IDTGIHSREW,2.5271106,6.6741834,Cluster-2,C2-Sub-3,False,,False
41,LQDLVDKLQLK,1.4985569,5.554086,Cluster-2,C2-Sub-3,False,,False
42,NQGTADFLPSKPR,2.803827,5.3941183,Cluster-2,C2-Sub-2,False,,False
43,SEALDDLYKEF,2.06306,5.798663,Cluster-2,C2-Sub-3,False,,False
44,SYAFELRDTGRY,2.5640583,6.5225244,Cluster-2,C2-Sub-3,False,,False
45,AGASGPAGPR,4.7764826,4.2864194,Cluster-2,C2-Sub-1,False,,False
46,AQTVPSVQDPR,2.9333599,5.0584044,Cluster-2,C2-Sub-1,False,,False
47,DLTGIPPAPR,1.4056302,6.5601664,Cluster-2,C2-Sub-3,False,,False
48,LEGDVDVSVPK,2.4897356,5.8368015,Cluster-2,C2-Sub-3,False,,False
49,NDQGKDPGPR,3.271162,6.01009,Cluster-2,C2-Sub-3,False,,False
50,VFVDNHDNQR,2.5112076,5.289915,Cluster-2,C2-Sub-2,False,,False
51,SGLDGAK,3.0201392,6.138465,Cluster-2,C2-Sub-3,False,,False
52,TGHKPEL,3.0271797,6.062399,Cluster-2,C2-Sub-3,False,,False
53,SGPAGPR,4.7269735,4.1475315,Cluster-2,C2-Sub-1,False,,False
54,AGPTGPR,4.854019,4.231711,Cluster-2,C2-Sub-1,False,,False
55,GPSGPQG,8.021538,5.4985065,Cluster-1,Cluster-1,False,,False
56,NDLTLLK,1.7533944,5.731072,Cluster-2,C2-Sub-3,False,,False
57,FGNPWEK,2.9003637,5.9645696,Cluster-2,C2-Sub-3,False,,False
58,DFLPSKPR,2.9493217,5.4006453,Cluster-2,C2-Sub-1,False,,False
59,TYDEYNKG,2.352466,5.626558,Cluster-2,C2-Sub-3,False,,False
60,SGLDGAKG,10.772508,5.6176033,Cluster-1,Cluster-1,False,,False
61,TEAPLNPK,1.9481268,5.3990226,Cluster-2,C2-Sub-3,False,,False
62,SGPAGGPR,4.854675,4.2245564,Cluster-2,C2-Sub-1,False,,False
63,GEAGPQGA,8.525769,5.9494934,Cluster-1,Cluster-1,False,,False
64,IDTGIHSR,1.854941,6.4288588,Cluster-2,C2-Sub-3,False,,False
65,GYTGLDGR,7.2290297,5.0947886,Cluster-1,Cluster-1,False,,False
66,LEAQTRPF,2.400201,5.8394504,Cluster-2,C2-Sub-3,False,,False
67,GDSGPAGPK,9.6504135,4.3549047,Cluster-1,Cluster-1,False,,False
68,ADFLPSKPR,2.8638098,5.4166303,Cluster-2,C2-Sub-1,False,,False
69,KGEPGAAGA,7.9299726,5.113546,Cluster-1,Cluster-1,False,,False
70,GVAGESGPR,4.9613056,4.832722,Cluster-2,C2-Sub-1,False,,False
71,GELGPAGPR,5.8063545,4.424761,Cluster-2,C2-Sub-1,False,,False
72,LQDLVDKLQ,1.5532819,5.561447,Cluster-2,C2-Sub-3,False,,False
73,GPAGPAGPR,5.431237,3.6962028,Cluster-2,C2-Sub-1,False,,False
74,GISGPSGPK,9.588232,3.864058,Cluster-1,Cluster-1,False,,False
75,TYDEYNKGF,2.1854632,5.5680265,Cluster-2,C2-Sub-3,False,,False
76,GFSGLDGAK,7.127797,5.292199,Cluster-1,Cluster-1,False,,False
77,PGARGPAGA,6.496612,4.8209457,Cluster-2,C2-Sub-1,False,,False
78,TGEPGIPGS,8.211255,6.180306,Cluster-1,Cluster-1,False,,False
79,GPAGVRGPA,4.6352634,4.488326,Cluster-2,C2-Sub-1,False,,False
80,VWVNEEDHL,2.4749818,6.2166166,Cluster-2,C2-Sub-3,False,,False
81,PPGSSGPAGKDGPR,11.881323,3.8794227,Cluster-1,Cluster-1,False,,False
82,GPAGPHGPPGKDGR,11.629331,4.72006,Cluster-1,Cluster-1,False,,False
83,GESGPGGPSGPVGQ,8.2409725,2.2850287,Cluster-1,Cluster-1,False,,False
84,GFPGLPGGSGEPGK,8.014842,6.207938,Cluster-1,Cluster-1,False,,False
85,SGLPGPTGPPGPRG,9.023335,3.7707682,Cluster-1,Cluster-1,False,,False
86,EGGKGDPGPQGIGGK,11.060958,4.7949142,Cluster-1,Cluster-1,False,,False
87,KGDRGEPGSAGSMGL,8.184797,6.2036095,Cluster-1,Cluster-1,False,,False
88,GATGDKGEPGAAGPL,11.167528,5.54228,Cluster-1,Cluster-1,False,,False
89,RGESGPGGPSGPVGQ,8.1946335,1.8440089,Cluster-1,Cluster-1,False,,False
90,GIVGPPGSSGPAGKD,9.566381,4.563703,Cluster-1,Cluster-1,False,,False
91,PGTDGPKGAIGPAGA,11.312205,4.7983184,Cluster-1,Cluster-1,False,,False
92,LEQQVDDLEGSLEQEK,1.866159,5.9392076,Cluster-2,C2-Sub-3,False,,False
93,VGPPGSSGPAGKDGPR,11.616496,4.510283,Cluster-1,Cluster-1,False,,False
94,DLGFIAQPQEKAPDPY,1.2995158,6.311086,Cluster-2,C2-Sub-3,False,,False
95,VGAQGPAGPAGPAGER,9.861386,1.7722523,Cluster-1,Cluster-1,False,,False
96,RGADGNVGPAGPAGPL,9.779769,4.3414774,Cluster-1,Cluster-1,False,,False
97,GDKGEPGAAGPLGPAGA,11.240041,5.545151,Cluster-1,Cluster-1,False,,False
98,TGPPGEPGEPGASGPMG,7.9049435,6.490327,Cluster-1,Cluster-1,False,,False
99,GFSGLDGAKGDSGPAGPK,11.524386,5.097908,Cluster-1,Cluster-1,False,,False
100,GIVGPPGSSGPAGKDGPR,9.81775,4.3812857,Cluster-1,Cluster-1,False,,False
101,GETGPAGPAGAAGPAGPR,9.882083,1.7923002,Cluster-1,Cluster-1,False,,False
102,GFSGLDGAKGDSGPAGPKG,11.455976,5.2213907,Cluster-1,Cluster-1,False,,False
103,GIVGPPGSSGPAGKDGPRG,9.770992,4.308448,Cluster-1,Cluster-1,False,,False
104,ATGDKGEPGAAGPLGPAGA,11.304086,5.4834557,Cluster-1,Cluster-1,False,,False
105,GETGPAGPAGAAGPAGPRG,9.875921,1.7391467,Cluster-1,Cluster-1,False,,False
106,GAPGPGGEKGSPGSDGSPGA,9.316976,3.8423615,Cluster-1,Cluster-1,False,,False
107,DGDVGAQGPAGPAGPAGERG,4.713193,5.780638,Cluster-2,C2-Sub-1,False,,False
108,PQEGAAGEEQGTGAGHLQGS,5.889131,4.4209595,Cluster-2,C2-Sub-1,False,,False
109,GATGDKGEPGAAGPLGPAGA,11.328462,5.522075,Cluster-1,Cluster-1,False,,False
110,GIVGPPGSSGPAGKDGPRGL,9.673429,4.239317,Cluster-1,Cluster-1,False,,False
111,SGDRGETGAAGPAGPSGPAGV,9.703526,1.8691614,Cluster-1,Cluster-1,False,,False
112,GLPGPAGATGDKGEPGAAGPL,11.303877,5.4657073,Cluster-1,Cluster-1,False,,False
113,GPSGAPGPQGFQGGPGEAGEPGA,8.221601,6.593462,Cluster-1,Cluster-1,False,,False
114,GFPGLPGGSGEPGKQGPSGLVGE,8.211718,6.609809,Cluster-1,Cluster-1,False,,False
115,EGGQKGEGGAPGPQGPSGAPGPVG,8.167209,6.6138363,Cluster-1,Cluster-1,False,,False
116,PSGGVGAPGKDGDVGAPGPSGVAG,9.791236,2.7926068,Cluster-1,Cluster-1,False,,False
117,GPAGPAGARGADGNVGPAGPAGPL,9.597049,1.9422452,Cluster-1,Cluster-1,False,,False
118,QGDGKDGAAVAQPAAGAEPAAATSP,3.5861661,5.5781407,Cluster-2,C2-Sub-1,False,,False
119,SGPPGPAQNSGGPGFDTPQNQHEVKPQ,5.1572413,3.7993367,Cluster-2,C2-Sub-2,False,,False
120,GDAGAPGPGGPVGASGPQGPAGPPGPK,9.938773,5.599239,Cluster-1,Cluster-1,False,,False
121,TGLTGAPGKDGDVGAQGPAGPAGPAGER,11.11939,3.378365,Cluster-1,Cluster-1,False,,False
122,GPSGSNGVPGKDGMNGLPGPIGPPGPRG,11.552662,4.936551,Cluster-1,Cluster-1,False,,False
123,GDAGAPGPGGPVGASGPQGPAGPPGPKG,9.840326,5.73109,Cluster-1,Cluster-1,False,,False
124,GIVGPPGSSGPAGK,9.666942,4.857422,Cluster-1,Cluster-1,False,,False
125,LLTEAPLNPK,1.9110272,5.9494166,Cluster-2,C2-Sub-3,False,,False
126,TIIPPKLPIEIPQPK,1.0942265,5.672353,Cluster-2,C2-Sub-3,False,,False
127,TYDEYNKGFL,2.2913084,5.6167407,Cluster-2,C2-Sub-3,False,,False
128,GELGPAGPAGPAG,9.767334,5.927335,Cluster-1,Cluster-1,False,,False
129,GSFGPAGPAGPR,7.626585,2.6539617,Cluster-1,Cluster-1,False,,False
130,SFGPAGPAGPR,7.430879,2.7427173,Cluster-1,Cluster-1,False,,False
131,SFGPAGPAGPRG,7.4724193,2.7492378,Cluster-1,Cluster-1,False,,False
132,GEIGPAGATGPSGA,10.116606,2.626286,Cluster-1,Cluster-1,False,,False
133,GEIGPAGATGPSGAQGA,9.983314,2.34332,Cluster-1,Cluster-1,False,,False
134,FGPAGPAGPR,6.9295306,2.943847,Cluster-1,Cluster-1,False,,False
135,GTAVEVGTEIH,2.647705,6.67171,Cluster-2,C2-Sub-3,False,,False
136,GEPGAAGPLGPAGA,9.189386,5.958482,Cluster-1,Cluster-1,False,,False
137,DGNVGPAGPAGPL,9.981242,4.6747084,Cluster-1,Cluster-1,False,,False
138,DGNVGPAGPAGPLG,9.947187,5.3459573,Cluster-1,Cluster-1,False,,False
139,GEVGPAGSSGF,9.123043,6.1439667,Cluster-1,Cluster-1,False,,False
140,GFPGLPGGSGEPG,7.868205,6.26844,Cluster-1,Cluster-1,False,,False
141,GFPGLPGPSGE,7.952813,6.262731,Cluster-1,Cluster-1,False,,False
142,GLPGFPGSPGE,7.93923,6.1892776,Cluster-1,Cluster-1,False,,False
143,GADGNVGPAGPAGPLG,11.088542,5.479961,Cluster-1,Cluster-1,False,,False
144,GADGNVGPAGPAGPL,10.675435,4.323967,Cluster-1,Cluster-1,False,,False
145,AVHLGGSNEIEI,2.2877283,6.477825,Cluster-2,C2-Sub-3,False,,False
146,SYELPDGQVIT,1.000862,5.635797,Cluster-2,C2-Sub-3,False,,False
147,PGSAGIGGGGGPS,5.7576036,4.9491096,Cluster-1,Cluster-1,False,,False
148,SFTFELR,2.5755696,4.8359876,Cluster-2,C2-Sub-3,False,,False
149,TAPSAAGPSSPAPSTA,3.4305613,3.5749738,Cluster-2,C2-Sub-1,False,,False
150,TPAPAPQPP,3.1632051,5.0788374,Cluster-2,C2-Sub-1,False,,False
151,GPAGPPGPVGPS,9.286636,2.4649863,Cluster-1,Cluster-1,False,,False
152,GVDNPGHPF,3.0178392,6.112245,Cluster-2,C2-Sub-3,False,,False
153,LGNAITDVVPAPK,1.9999678,5.388396,Cluster-2,C2-Sub-3,False,,False
154,GASGPAGA,9.249737,6.079492,Cluster-1,Cluster-1,False,,False
155,PGPPGSSGPQGFTG,8.971425,3.8348565,Cluster-1,Cluster-1,False,,False
156,GPPGSPGASGPQGF,9.1826935,3.846343,Cluster-1,Cluster-1,False,,False
157,LGNAGASSGAPGSP,7.9322324,4.3534417,Cluster-1,Cluster-1,False,,False
158,PGGGFDLG,5.422627,4.7332683,Cluster-2,C2-Sub-1,False,,False
159,TTAGTQTTQPN,3.0378237,3.1304915,Cluster-2,C2-Sub-2,False,,False
160,GPPGPSGAPGPQGF,9.266396,3.7190788,Cluster-1,Cluster-1,False,,False
161,GPSGAPGFPGSPG,8.123311,4.0219517,Cluster-1,Cluster-1,False,,False
162,LLGSIDLDHT,1.717726,6.1560454,Cluster-1,Cluster-1,False,,False
163,GFPGLPGPSGEVG,7.9614453,6.295519,Cluster-1,Cluster-1,False,,False
164,FGFPEGSVEL,2.6592195,6.676181,Cluster-2,C2-Sub-3,False,,False
165,GAPGAPGAPGAVGPSG,9.074427,5.716766,Cluster-1,Cluster-1,False,,False
166,GPAGPSGPAGV,9.326463,2.4368591,Cluster-1,Cluster-1,False,,False
167,QPSGAVPAQ,2.9215863,4.899029,Cluster-2,C2-Sub-1,False,,False
168,AGPAGPA,4.1880584,5.560316,Cluster-2,C2-Sub-1,False,,False
169,QAIDQIAGGFFSPK,9.1884165,1.382066,Cluster-2,C2-Sub-3,False,,False
170,PAAGTPIKFDQIV,1.4196022,5.6941996,Cluster-2,C2-Sub-3,False,,False
171,PGIAGPSGP,9.021677,4.7883883,Cluster-1,Cluster-1,False,,False
172,GAGPAGPAGPAATPA,4.591302,4.4375377,Cluster-2,C2-Sub-1,False,,False
173,IEAPPHI,1.9787471,5.9287505,Cluster-2,C2-Sub-3,False,,False
174,PGSGSLNPGGALPGAGAP,6.981871,4.398664,Cluster-1,Cluster-1,False,,False
175,GFVPHVPGDPS,2.6383026,5.8138576,Cluster-2,C2-Sub-1,False,,False
176,GIVGPPGSSGPAG,9.257743,5.1836615,Cluster-1,Cluster-1,False,,False
177,VGAQGPAGPAGPA,9.846814,2.0494487,Cluster-1,Cluster-1,False,,False
178,GAGGAAGAGGAAGAGGAAGAAGA,9.721075,6.0280905,Cluster-1,Cluster-1,False,,False
179,AGGAAGAGGAAGAGGAAGAAGA,9.701412,5.9850774,Cluster-1,Cluster-1,False,,False
180,IATDTAIDILG,9.332419,2.020837,Cluster-1,Cluster-1,False,,False
181,GFTGQPGAPGPIGPAGPQGA,11.405412,4.937737,Cluster-1,Cluster-1,False,,False
182,QAYMQGHYQNQGGEV,2.5792303,6.2678757,Cluster-2,C2-Sub-3,False,,False
183,STPPFIKPGLP,1.0435963,5.850509,Cluster-2,C2-Sub-2,False,,False
184,GPAGPMGPHQYTPQG,5.534951,4.2818823,Cluster-2,C2-Sub-1,False,,False
185,GNVGPAGPAGPLG,9.926868,5.792621,Cluster-1,Cluster-1,False,,False
186,GPSGAPGFQGLPGPA,9.712633,4.47184,Cluster-1,Cluster-1,False,,False
187,IWIDTGIHSREW,2.5174186,6.6199484,Cluster-2,C2-Sub-3,False,,False
188,LWIDTGIHSREW,2.5169847,6.6543665,Cluster-2,C2-Sub-3,False,,False
189,PGAAGPLGPAGA,9.111521,4.8709736,Cluster-1,Cluster-1,False,,False
190,DFVSQPL,2.8400087,5.4585967,Cluster-2,C2-Sub-1,False,,False
191,NIIGWLDK,1.7642902,5.515917,Cluster-2,C2-Sub-3,False,,False
192,PGSPGPSGASVIHFSSGAPGIAGAPG,9.746395,3.8044903,Cluster-1,Cluster-1,False,,False
193,IVGGQDARPGSWPWQV,4.6612782,4.212041,Cluster-2,C2-Sub-1,False,,False
194,DLGFIAQPQ,1.228078,6.5364966,Cluster-2,C2-Sub-3,False,,False
195,NVGPAGPAGPL,9.542095,3.923887,Cluster-1,Cluster-1,False,,False
196,AAGPLGPAGA,5.0010395,4.733948,Cluster-2,C2-Sub-1,False,,False
197,FAEQHIPGSPF,2.2661152,6.0046206,Cluster-2,C2-Sub-3,False,,False
198,GSGFDFVSQPL,2.9043505,5.419861,Cluster-2,C2-Sub-1,False,,False
199,VGPAGPAGPL,9.463334,3.3925352,Cluster-1,Cluster-1,False,,False
200,AVFPSIVGRP,3.0134785,5.1712294,Cluster-2,C2-Sub-1,False,,False
201,SGFDFVSQPL,2.9020119,5.3336883,Cluster-2,C2-Sub-1,False,,False
202,GHGAGGASIIT,8.152718,6.3473573,Cluster-1,Cluster-1,False,,False
203,GLTGPIGLPGPAGAT,10.908037,3.3335152,Cluster-1,Cluster-1,False,,False
204,FQPSFIGMESAGI,2.4732463,6.5892277,Cluster-2,C2-Sub-3,False,,False
205,GFDLGFIAQPQ,1.1172365,6.5199976,Cluster-2,C2-Sub-3,False,,False
206,GFIVFNNDDW,1.9236561,4.670003,Cluster-2,C2-Sub-3,False,,False
207,SIHVNGAHA,2.383594,5.936291,Cluster-2,C2-Sub-3,False,,False
208,FDLGFIAQPQ,1.1338654,6.53871,Cluster-2,C2-Sub-3,False,,False
209,TASLATPYPAAGTPI,3.2859204,3.1599755,Cluster-2,C2-Sub-2,False,,False
210,VIISAPSADAPMFV,2.2241392,4.29292,Cluster-2,C2-Sub-3,False,,False
211,FDFVSQPL,2.7641468,5.3276896,Cluster-2,C2-Sub-1,False,,False
212,TVPPAVPGIT,3.0329957,3.9409952,Cluster-2,C2-Sub-2,False,,False
213,VFVGNSPSPV,3.0524516,4.3859572,Cluster-2,C2-Sub-2,False,,False
214,GHGAGGASIITF,8.568259,6.403996,Cluster-2,C2-Sub-1,False,,False
215,AYPPAATPI,2.419677,4.7630057,Cluster-2,C2-Sub-3,False,,False
216,QGFVGLPGA,7.3474374,5.35481,Cluster-1,Cluster-1,False,,False
217,IWIDTGIHS,2.1025157,6.0821753,Cluster-2,C2-Sub-3,False,,False
218,LWIDTGIHS,2.0224788,6.2919497,Cluster-2,C2-Sub-3,False,,False
219,VTHNVPV,2.725226,5.5161767,Cluster-2,C2-Sub-1,False,,False
220,ALVHYAGTVEY,2.157091,5.63912,Cluster-2,C2-Sub-3,False,,False
221,LGFIAQPQ,1.1531093,6.569172,Cluster-2,C2-Sub-3,False,,False
222,IWIDTGIH,1.9816093,6.1518683,Cluster-2,C2-Sub-3,False,,False
223,LWIDTGIH,2.1744232,6.271603,Cluster-2,C2-Sub-3,False,,False
224,GHGAGGASIITFW,8.572624,6.366539,Cluster-2,C2-Sub-1,False,,False
225,NGAWTLVGIVS,1.7639587,4.436024,Cluster-2,C2-Sub-3,False,,False
226,TLVGIVSW,1.9169897,4.523913,Cluster-2,C2-Sub-3,False,,False
227,GPPGPPGSSGPQGF,8.831634,4.010721,Cluster-1,Cluster-1,False,,False
228,TPGPAGPPGP,11.951357,3.8152597,Cluster-1,Cluster-1,False,,False
229,VGPPGSSGPAGK,10.493419,4.481887,Cluster-1,Cluster-1,False,,False
230,DLSFLPQPPQEKAHDGGRYY,1.3821952,6.100088,Cluster-2,C2-Sub-3,False,,False
231,GYDEKSTGISVPGPMGPSGPR,12.137638,4.0292673,Cluster-1,Cluster-1,False,,False
232,GKEGLRGPRGDQGPVGRS,8.307736,1.7142947,Cluster-1,Cluster-1,False,,False
233,GGPGERGEQGPPGPA,9.113996,3.8363278,Cluster-1,Cluster-1,False,,False
234,KGAPGADGPAGAPGTPGPQ,10.8083315,4.1830163,Cluster-1,Cluster-1,False,,False
235,DEKSTGISVPGPMGPSGPR,12.224495,4.014455,Cluster-1,Cluster-1,False,,False
236,EGLRGPRGDQGPVGRS,6.5160847,3.019244,Cluster-2,C2-Sub-1,False,,False
237,GLRGPRGDQGPV,6.640754,3.2689173,Cluster-1,Cluster-1,False,,False
238,GARGPAGPQGPR,6.361417,3.0141544,Cluster-2,C2-Sub-1,False,,False
239,GLPGADGRAGVM,7.255777,5.167733,Cluster-2,C2-Sub-1,False,,False
240,GKEGLRGPRGD,7.6114583,6.4207964,Cluster-1,Cluster-1,False,,False
241,GSKGPRGETGPA,9.566797,3.9641786,Cluster-1,Cluster-1,False,,False
242,DGAKGDAGPAGPK,11.176449,3.4170249,Cluster-1,Cluster-1,False,,False
243,GADGAPGKDGVRGL,11.257772,3.0347412,Cluster-1,Cluster-1,False,,False
244,GKEGLRGPRGDQGPV,8.231156,1.7839537,Cluster-1,Cluster-1,False,,False
245,GYDEKSTGISVPGPM,2.6799433,6.6897345,Cluster-2,C2-Sub-3,False,,False
246,GKEGLRGPR,5.859972,5.0488214,Cluster-2,C2-Sub-1,False,,False
247,GESGNKGEPGAV,7.8663197,5.0814576,Cluster-1,Cluster-1,False,,False
248,GPSGPSGLPGE,7.771698,6.4125805,Cluster-1,Cluster-1,False,,False
249,GKEGLRGPRGDQGPVGR,8.234938,1.7347722,Cluster-1,Cluster-1,False,,False
250,GAPGKDGVRGL,7.2769065,5.0013914,Cluster-1,Cluster-1,False,,False
251,SGLDGAKGD,10.682429,4.579667,Cluster-1,Cluster-1,False,,False
252,GPSGLPGER,7.3594475,5.558426,Cluster-1,Cluster-1,False,,False
253,RGFSGLDGA,5.7637835,5.259969,Cluster-2,C2-Sub-1,False,,False
254,GPAGAVGPR,4.499857,4.416397,Cluster-2,C2-Sub-1,False,,False
255,PGSPGPALEGPKGSPGPQ,10.38744,4.91877,Cluster-1,Cluster-1,False,,False
256,SGDRGETGPAGPS,8.385245,2.4505672,Cluster-1,Cluster-1,False,,False
257,GEGGPQGPRGS,6.5543985,3.5907135,Cluster-1,Cluster-1,False,,False
258,GPAGKDGRIGQPG,10.620083,2.9469886,Cluster-1,Cluster-1,False,,False
259,GPAGKNGETGPQ,11.474723,3.815339,Cluster-1,Cluster-1,False,,False
260,GETGPQGPPGPTGPSGDKG,11.545345,4.8744044,Cluster-1,Cluster-1,False,,False
261,GPRGPAGPSGPAGKDGRIGQPG,9.11651,1.5901192,Cluster-1,Cluster-1,False,,False
262,GDRGETGPAGPPGAPGAPGAPGPV,9.67118,1.886726,Cluster-1,Cluster-1,False,,False
263,GSPGKDGLNGLPGPIGPPGPR,11.653832,4.9178267,Cluster-1,Cluster-1,False,,False
264,ERGFPGLPGPS,8.129593,4.277584,Cluster-1,Cluster-1,False,,False
265,GPAGPSGPAGKDGRIGQPGAVGPA,10.44789,2.6752205,Cluster-1,Cluster-1,False,,False
266,GERGFPGLPGPS,8.2266245,6.156393,Cluster-1,Cluster-1,False,,False
267,AVGPAGPRGPAGPS,7.4018064,2.544934,Cluster-1,Cluster-1,False,,False
268,GAAGPTGPIGSR,9.40697,2.964884,Cluster-1,Cluster-1,False,,False
269,EGLRGPRGD,6.220265,4.3453045,Cluster-1,Cluster-1,False,,False
270,GEKGETGLR,5.426283,5.3824844,Cluster-2,C2-Sub-1,False,,False
271,RGFDGRNGE,5.753214,5.14117,Cluster-2,C2-Sub-1,False,,False
272,GERGFPGER,6.3799496,4.6736584,Cluster-2,C2-Sub-1,False,,False
273,GERGEQGAP,6.4697685,4.8506904,Cluster-2,C2-Sub-1,False,,False
274,RGFDGRN,5.2389956,5.1014457,Cluster-2,C2-Sub-1,False,,False
275,NGKPGEPGPK,11.701394,4.816295,Cluster-1,Cluster-1,False,,False
276,GLRGPRGD,6.753178,3.9214766,Cluster-1,Cluster-1,False,,False
277,EGSKGPRGETGPA,10.734387,4.9941816,Cluster-1,Cluster-1,False,,False
278,GPAGPQGPRGDKGE,10.626632,5.0362363,Cluster-1,Cluster-1,False,,False
279,SGDRGETGPA,8.041978,2.543851,Cluster-1,Cluster-1,False,,False
280,SGREGAPGAE,5.054549,4.922573,Cluster-2,C2-Sub-1,False,,False
281,AGPKGPAGER,10.314884,5.044626,Cluster-1,Cluster-1,False,,False
282,PGRDGAPGAK,12.013948,3.8330367,Cluster-1,Cluster-1,False,,False
283,EGLRGPRGDQGPVGR,6.4244604,3.0008903,Cluster-2,C2-Sub-1,False,,False
284,GADGAPGKDGVR,11.299516,3.0320363,Cluster-2,C2-Sub-1,False,,False
285,GEDGRPGPPGPQGAR,8.830554,3.4828005,Cluster-1,Cluster-1,False,,False
286,GVDGAPGKD,11.310858,3.1064157,Cluster-1,Cluster-1,False,,False
287,AGPKGADGAPGKDGVR,11.197559,3.1925368,Cluster-1,Cluster-1,False,,False
288,GKDGRIGQPG,9.558745,5.099456,Cluster-1,Cluster-1,False,,False
289,GDRGETGPAGPS,8.145143,2.4604986,Cluster-1,Cluster-1,False,,False
290,RGETGFQGK,7.6234636,5.000238,Cluster-2,C2-Sub-1,False,,False
291,ERGPPGPA,4.555751,4.3936334,Cluster-2,C2-Sub-1,False,,False
292,GEGGPQGPR,5.310066,4.6574836,Cluster-2,C2-Sub-1,False,,False
293,GPKGAPGE,8.823868,5.7935038,Cluster-1,Cluster-1,False,,False
294,DGAPGKDGVRGL,7.2464886,4.877315,Cluster-1,Cluster-1,False,,False
295,GEGGPQGPRGSEGPQ,6.4920144,3.242182,Cluster-1,Cluster-1,False,,False
296,GARGPEGPQ,6.6282115,3.8777115,Cluster-1,Cluster-1,False,,False
297,GDRGETGPAGPA,8.492456,2.2507904,Cluster-1,Cluster-1,False,,False
298,RGPSGPPGPD,7.8619432,3.8414779,Cluster-1,Cluster-1,False,,False
299,DAGPAGPK,3.841726,5.6870246,Cluster-2,C2-Sub-1,False,,False
300,GEGGPQGPRGSEGPQGVR,6.556429,3.0088668,Cluster-2,C2-Sub-1,False,,False
301,GEKGAPGADGPA,10.740675,3.9500828,Cluster-1,Cluster-1,False,,False
302,RGTKGPKGENGPVGPT,11.401132,4.4187684,Cluster-1,Cluster-1,False,,False
303,SGDRGETGPAGPA,8.560143,2.0781689,Cluster-1,Cluster-1,False,,False
304,PGSDGLPGRDGAPGAK,11.876206,3.9599166,Cluster-1,Cluster-1,False,,False
305,RGPAGPQGPR,5.5277023,3.6018376,Cluster-2,C2-Sub-1,False,,False
306,AGPKGPAGE,10.561121,5.010935,Cluster-1,Cluster-1,False,,False
307,GDAGPAGPK,10.398484,3.3369563,Cluster-1,Cluster-1,False,,False
308,GDQGPVGRS,7.002108,4.45973,Cluster-1,Cluster-1,False,,False
309,GEPGRDGLPGGPGLR,7.4378467,4.3330464,Cluster-1,Cluster-1,False,,False
310,GSEGPQGVR,6.3447847,5.0718517,Cluster-2,C2-Sub-1,False,,False
311,DGRIGQPG,8.1369295,5.6693726,Cluster-1,Cluster-1,False,,False
312,EGPPGPEGPA,8.434009,6.5486574,Cluster-1,Cluster-1,False,,False
313,GEPGKQGPSGA,11.697823,3.897164,Cluster-1,Cluster-1,False,,False
314,GKRGSTGEIGPA,8.147846,2.5673378,Cluster-1,Cluster-1,False,,False
315,GPRGPAGPSGPAGKD,9.0275135,3.398332,Cluster-1,Cluster-1,False,,False
316,RGETGPAGPS,8.302933,2.5080519,Cluster-1,Cluster-1,False,,False
317,GPRGLPGE,7.037147,5.5075707,Cluster-1,Cluster-1,False,,False
318,GERGGPGGPGPQ,5.3750024,4.703504,Cluster-2,C2-Sub-1,False,,False
319,GPAGPQGPRGD,7.8472185,3.9409559,Cluster-1,Cluster-1,False,,False
320,GSPGKDGLN,11.874722,4.0030174,Cluster-1,Cluster-1,False,,False
321,PGADGQPGAK,11.282412,3.3142076,Cluster-1,Cluster-1,False,,False
322,RGAPGPAGPK,10.252977,3.9310505,Cluster-1,Cluster-1,False,,False
323,RGRPGAPGPA,4.985816,4.433116,Cluster-2,C2-Sub-1,False,,False
324,RGERGFPGLP,7.288694,4.211643,Cluster-1,Cluster-1,False,,False
325,GLPGADGR,7.3037133,5.2688937,Cluster-1,Cluster-1,False,,False
326,GNPGADGQPGAK,11.280069,3.3624136,Cluster-1,Cluster-1,False,,False
327,GPSGPAGKDGRIGQPG,10.579972,2.7959077,Cluster-1,Cluster-1,False,,False
328,GSRGDGGPPGAT,7.9155073,3.5036848,Cluster-1,Cluster-1,False,,False
329,KGAPGADGPA,10.096531,4.8310466,Cluster-1,Cluster-1,False,,False
330,RGFSGLDGAK,5.9689612,5.3226957,Cluster-2,C2-Sub-1,False,,False
331,ADGVAGPK,3.9502375,5.723731,Cluster-2,C2-Sub-1,False,,False
332,GPAGSPGERGPA,7.8259068,2.8255916,Cluster-1,Cluster-1,False,,False
333,GPSGPQGIRGD,8.852647,5.1835074,Cluster-1,Cluster-1,False,,False
334,GSPGPAGLKGERGAPGETGAP,11.497975,4.9761486,Cluster-1,Cluster-1,False,,False
335,RDATGPAGAP,4.7735004,4.24182,Cluster-2,C2-Sub-1,False,,False
336,RGFSGLDGAKG,7.3783836,5.162692,Cluster-1,Cluster-1,False,,False
337,GPSGPSGLPGER,7.540356,6.4070363,Cluster-1,Cluster-1,False,,False
338,GPVGPSGPPGKD,11.057708,4.8755565,Cluster-1,Cluster-1,False,,False
339,GGPQGPRGS,5.392264,4.54626,Cluster-2,C2-Sub-1,False,,False
340,KAHDGGRYY,2.9395256,6.086014,Cluster-2,C2-Sub-3,False,,False
341,KSGDRGETGPAGPAGPIGPV,9.125297,1.3869158,Cluster-1,Cluster-1,False,,False
342,GPSGPPGPD,8.073288,4.065521,Cluster-1,Cluster-1,False,,False
343,AGPPGADGQPGAK,11.226565,3.4042106,Cluster-1,Cluster-1,False,,False
344,GKSGDRGETGPAGPAGPIGPV,9.145777,1.3656988,Cluster-1,Cluster-1,False,,False
345,RGSDGSVGPV,5.0811443,4.1689296,Cluster-2,C2-Sub-1,False,,False
346,GPAGPSGPAGKDGRIGQPG,10.37645,2.647386,Cluster-1,Cluster-1,False,,False
347,PGADGVAGPK,11.132513,3.3409827,Cluster-1,Cluster-1,False,,False
348,TGPQGPPGPTGPSGDKG,11.657383,4.81058,Cluster-1,Cluster-1,False,,False
349,GKDGRIGQPGAVGPA,10.674374,2.8456,Cluster-1,Cluster-1,False,,False
350,GKNGETGPQGPPGPTGPS,11.699373,4.588882,Cluster-1,Cluster-1,False,,False
351,GPAGKDGRIGQPGAV,11.128202,3.0492616,Cluster-1,Cluster-1,False,,False
352,GPAGLPGKDGPPGLR,11.788939,4.583273,Cluster-1,Cluster-1,False,,False
353,GEKGAPGADGPAGAPGTPGPQ,10.905443,4.3252063,Cluster-1,Cluster-1,False,,False
354,GVAGPKGPAGE,9.595336,5.7030177,Cluster-1,Cluster-1,False,,False
355,PGPAGPSGESRPGSPGPPGSP,7.4486427,3.217085,Cluster-1,Cluster-1,False,,False
356,RGGPGGPGPQ,5.2640696,4.502404,Cluster-2,C2-Sub-1,False,,False
357,RGVQGPPGPAGPR,6.937572,2.808349,Cluster-1,Cluster-1,False,,False
358,GDGGPPGA,5.4057264,4.8992944,Cluster-2,C2-Sub-1,False,,False
359,GPRGPAGPS,5.8078446,3.395757,Cluster-2,C2-Sub-1,False,,False
360,DLSFLPQPPQEK,1.3459129,6.44884,Cluster-2,C2-Sub-3,False,,False
361,GPAGPQGPR,5.400134,3.6518745,Cluster-2,C2-Sub-1,False,,False
362,GPPGLAGPPGESGR,8.085897,6.297788,Cluster-1,Cluster-1,False,,False
363,GPSGLPGERGAA,7.673554,5.45425,Cluster-1,Cluster-1,False,,False
364,GPSGPAGKDGRIGQPGAV,10.935901,2.8840165,Cluster-1,Cluster-1,False,,False
365,PSGPGPAGRP,4.976714,4.2599344,Cluster-2,C2-Sub-1,False,,False
366,GPRGPAGPSGPAGKDGRIGQPGAVGPA,9.155817,1.503432,Cluster-1,Cluster-1,False,,False
367,GRPGPIGPAGAR,7.8245225,3.0789495,Cluster-1,Cluster-1,False,,False
368,GPAGKNGETGPQGPPGPTGPS,11.729953,4.710662,Cluster-1,Cluster-1,False,,False
369,GPPGPTGPSGD,8.978108,3.5257485,Cluster-1,Cluster-1,False,,False
370,GSPGKDGLNGL,11.847835,4.004064,Cluster-1,Cluster-1,False,,False
371,DRGETGPAGPAGPIGPV,9.084238,1.3126032,Cluster-1,Cluster-1,False,,False
372,GPSGPQGPSGPPGPK,11.324563,4.3041573,Cluster-1,Cluster-1,False,,False
373,GARGPAGPQ,7.1676826,3.0397403,Cluster-1,Cluster-1,False,,False
374,GDRGETGPAGPAGPIGPV,9.12583,1.3557291,Cluster-1,Cluster-1,False,,False
375,GPAGKDGRIGQPGAVGPA,10.657912,2.8444443,Cluster-1,Cluster-1,False,,False
376,GPAGNPGAD,10.640637,3.6077676,Cluster-1,Cluster-1,False,,False
377,RGSDGSVGPVGPA,7.7057543,2.779333,Cluster-1,Cluster-1,False,,False
378,SGDRGETGPAGPAGPIGPV,9.167432,1.3750931,Cluster-1,Cluster-1,False,,False
379,ERGVPGPPGAV,6.42172,4.83363,Cluster-2,C2-Sub-1,False,,False
380,GDGGPPGAT,5.58097,4.883099,Cluster-2,C2-Sub-1,False,,False
381,GPAGTPGPE,11.327819,3.8133311,Cluster-1,Cluster-1,False,,False
382,RGHNGLDGL,8.176292,4.7910275,Cluster-1,Cluster-1,False,,False
383,GDAGPPGPA,9.199072,4.4847503,Cluster-1,Cluster-1,False,,False
384,GPSGPAGKDGRIGQPGAVGPA,10.513965,2.7066586,Cluster-1,Cluster-1,False,,False
385,PGADGRAGVM,4.868308,4.6789317,Cluster-2,C2-Sub-1,False,,False
386,GERGFPGL,6.5153713,4.9084277,Cluster-2,C2-Sub-1,False,,False
387,GERGVPGPPGAV,6.617925,4.9080315,Cluster-2,C2-Sub-1,False,,False
388,GPAGPSGPAGK,10.7475,4.076862,Cluster-1,Cluster-1,False,,False
389,GETGPQGPPGPT,11.604167,3.971723,Cluster-1,Cluster-1,False,,False
390,GPRGPVGPS,6.021183,3.3168159,Cluster-2,C2-Sub-1,False,,False
391,PGPAGPAGPR,5.5877504,3.6098995,Cluster-2,C2-Sub-1,False,,False
392,SGPAGPRGPPGSA,7.5177784,2.7516396,Cluster-1,Cluster-1,False,,False
393,VGPRGPSGPQ,7.254639,3.0725336,Cluster-1,Cluster-1,False,,False
394,GERGFPGLP,6.499171,4.832544,Cluster-1,Cluster-1,False,,False
395,GPRGPAGPSGPA,6.662461,2.9302042,Cluster-1,Cluster-1,False,,False
396,GPSGPQGIR,8.238959,4.4796267,Cluster-1,Cluster-1,False,,False
397,GAVGPRGPSGPQGIR,7.289239,2.5420473,Cluster-1,Cluster-1,False,,False
398,GETGPQGPPGPTGPS,11.7179365,4.0864186,Cluster-1,Cluster-1,False,,False
399,GPAGLPGVPGRD,7.5497494,5.4982224,Cluster-1,Cluster-1,False,,False
400,GPAGPTGAR,8.320912,3.256838,Cluster-2,C2-Sub-1,False,,False
401,GPPGAPGRSGPAGPEGLPGSP,8.890583,3.5730426,Cluster-1,Cluster-1,False,,False
402,GDRGETGPAGPPGAPGAPGAPGPVGPA,9.772808,1.8116454,Cluster-1,Cluster-1,False,,False
403,IDGRPGPIGPA,9.107266,4.366867,Cluster-1,Cluster-1,False,,False
404,GIDGRPGPIGPA,9.20001,4.420594,Cluster-1,Cluster-1,False,,False
405,TGPIGSR,8.1375265,3.6466675,Cluster-1,Cluster-1,False,,False
406,ASGPAGPRGPPGSA,7.5160356,2.7190235,Cluster-1,Cluster-1,False,,False
407,DGRIGQPGAVGPA,9.020565,4.473269,Cluster-1,Cluster-1,False,,False
408,FGFDGDFYRAD,2.7073853,6.358666,Cluster-2,C2-Sub-3,False,,False
409,MGPRGPPGAS,7.969389,4.308758,Cluster-1,Cluster-1,False,,False
410,QRPAPSPSGI,3.749974,3.8655648,Cluster-2,C2-Sub-2,False,,False
411,GASGPAGPRGPPGSA,7.85364,2.666467,Cluster-1,Cluster-1,False,,False
412,GENGPVGPT,0.8293843,5.4550123,Cluster-1,Cluster-1,False,,False
413,VGAPGPK,10.985455,5.4771686,Cluster-1,Cluster-1,False,,False
414,GERGVPGPPGAVGPA,8.823517,6.2328076,Cluster-1,Cluster-1,False,,False
415,GPPGPPGLR,7.1709146,4.4008965,Cluster-1,Cluster-1,False,,False
416,GQRGVVGLPGQR,6.5228996,4.602557,Cluster-2,C2-Sub-1,False,,False
417,GVVGLPGQRGE,7.1288047,5.577304,Cluster-2,C2-Sub-1,False,,False
418,GAVGPRGPSGPQ,7.40963,2.6618505,Cluster-1,Cluster-1,False,,False
419,GPAGPRGPAGPSGPA,6.9280405,2.7749279,Cluster-1,Cluster-1,False,,False
420,GPTGPIGSR,9.266034,3.0426102,Cluster-1,Cluster-1,False,,False
421,RGVQGPPGPA,7.8565574,3.9254332,Cluster-1,Cluster-1,False,,False
422,AGLEGPPGKTGPIGPQ,11.365291,5.4507694,Cluster-1,Cluster-1,False,,False
423,AAGPASPGPAGPR,4.7793493,4.357422,Cluster-2,C2-Sub-1,False,,False
424,GETGASGPPGFVGE,8.763858,6.4061527,Cluster-2,C2-Sub-1,False,,False
425,ADGPAGAPGTPGPQ,10.6815195,3.7605014,Cluster-1,Cluster-1,False,,False
426,PGRGPAGL,5.3199635,4.8603544,Cluster-2,C2-Sub-1,False,,False
427,AGPAGPAGPAGPR,7.321247,2.509455,Cluster-1,Cluster-1,False,,False
428,GFPGADGVAGPK,10.389451,4.581379,Cluster-1,Cluster-1,False,,False
429,GRPGPIGPA,8.070942,3.193952,Cluster-1,Cluster-1,False,,False
430,RGETGPAGPAGPIGPV,9.090027,1.3138099,Cluster-2,C2-Sub-3,False,,False
431,GPSGPQGPSGPP,8.902805,3.5460691,Cluster-1,Cluster-1,False,,False
432,GSDGSVGPV,4.563336,4.840448,Cluster-2,C2-Sub-1,False,,False
433,SDGSVGPV,3.5836203,4.727691,Cluster-2,C2-Sub-1,False,,False
434,SVPGPMGPSGPR,6.6216016,2.9367702,Cluster-2,C2-Sub-1,False,,False
435,AGPTGPIGSR,9.715011,3.097711,Cluster-1,Cluster-1,False,,False
436,AVGPAGPR,4.5175056,4.40363,Cluster-2,C2-Sub-1,False,,False
437,GPRGLPGPPGAPGPQ,8.782413,3.872068,Cluster-1,Cluster-1,False,,False
438,RGETGPAGPPGAPGAPGAPGPVGPA,9.82541,1.8632462,Cluster-1,Cluster-1,False,,False
439,VGPAGPRGPAGPS,7.2853003,2.6004958,Cluster-1,Cluster-1,False,,False
440,AHDGGRYY,3.167639,6.062376,Cluster-2,C2-Sub-3,False,,False
441,DLSFLPQPPQE,1.3177212,6.502128,Cluster-2,C2-Sub-3,False,,False
442,GAPGADGPAGAPGTPGPQ,10.656533,3.558671,Cluster-1,Cluster-1,False,,False
443,GPPGPQGATGPLGPK,11.35824,4.522935,Cluster-1,Cluster-1,False,,False
444,SGAAGPTGPIGSR,9.28891,2.6672795,Cluster-1,Cluster-1,False,,False
445,SGAAGPTGPIGSRG,9.51846,2.4161732,Cluster-1,Cluster-1,False,,False
446,GDQGAPGAVGPA,8.908565,4.4912944,Cluster-1,Cluster-1,False,,False
447,AAGPTGPIGSR,9.6188545,3.0922763,Cluster-1,Cluster-1,False,,False
448,GSDGSVGPVGPA,7.9143124,3.027671,Cluster-1,Cluster-1,False,,False
449,SDGSVGPVGPA,7.876349,2.8741536,Cluster-1,Cluster-1,False,,False
450,TGFPGPK,12.3091345,3.9355006,Cluster-1,Cluster-1,False,,False
451,GPSGPNGPPGPA,9.059543,3.5425563,Cluster-1,Cluster-1,False,,False
452,RGFPGNPGAPGSPGPA,9.031327,3.7288928,Cluster-1,Cluster-1,False,,False
453,GPPGPTGPS,8.333945,3.118609,Cluster-1,Cluster-1,False,,False
454,GPPGTPGSP,8.291114,3.451892,Cluster-1,Cluster-1,False,,False
455,GPPGTPGSPG,8.206609,3.5978692,Cluster-1,Cluster-1,False,,False
456,PGAKGANGAPGI,10.606838,4.0310616,Cluster-1,Cluster-1,False,,False
457,DGSVGPVGPA,7.810678,3.0643866,Cluster-2,C2-Sub-1,False,,False
458,GHHGDQGAPGAV,8.231148,5.5845037,Cluster-1,Cluster-1,False,,False
459,SGPPGPPGPA,11.871466,3.7958667,Cluster-1,Cluster-1,False,,False
460,TGPQGPPGPTGPS,11.844295,3.8964686,Cluster-1,Cluster-1,False,,False
461,GPPGPIGNVGAPGPK,10.869166,4.6234846,Cluster-1,Cluster-1,False,,False
462,TAGPSGPS,3.560955,3.3788433,Cluster-2,C2-Sub-1,False,,False
463,GHHGDQGAPGAVGPA,8.928519,4.8033886,Cluster-1,Cluster-1,False,,False
464,GSPGPQGPPGSIGPQ,8.87503,3.2149787,Cluster-1,Cluster-1,False,,False
465,RGVPGPPGAV,6.4765444,4.7712455,Cluster-2,C2-Sub-1,False,,False
466,FAGPPGAD,3.8845649,5.712163,Cluster-2,C2-Sub-1,False,,False
467,GPAGPPGPIGNVGAPGPK,10.889392,4.7462015,Cluster-1,Cluster-1,False,,False
468,HHGDQGAPGAVGPA,9.078711,4.5603704,Cluster-1,Cluster-1,False,,False
469,KGAQGPQGPVGAPGL,11.386009,5.283163,Cluster-1,Cluster-1,False,,False
470,TGPQGPPGPT,11.887165,3.7514188,Cluster-1,Cluster-1,False,,False
471,GLPGGPGLR,5.6368012,4.7005835,Cluster-2,C2-Sub-1,False,,False
472,GPSGPAGPT,8.493884,2.849746,Cluster-1,Cluster-1,False,,False
473,LGPVGNPGPAGPAGPR,9.03157,3.924989,Cluster-1,Cluster-1,False,,False
474,PGAPGSPGPA,7.77784,4.2103834,Cluster-1,Cluster-1,False,,False
475,SFLPQPPQE,2.5996082,5.546802,Cluster-2,C2-Sub-3,False,,False
476,STGISVPGPMGPSGPR,12.262264,3.8757496,Cluster-1,Cluster-1,False,,False
477,GAPGTPGPQ,10.38048,3.5416079,Cluster-1,Cluster-1,False,,False
478,RGVPGPPGAVGPA,7.090792,3.0487018,Cluster-1,Cluster-1,False,,False
479,SGPPGFVGE,8.064464,6.4080687,Cluster-1,Cluster-1,False,,False
480,GPQGPPGSIGPQ,9.051406,3.014083,Cluster-1,Cluster-1,False,,False
481,GRIGQPGAVGPA,8.5231285,4.0116863,Cluster-1,Cluster-1,False,,False
482,TGISVPGPMGPSGPR,12.294285,3.9146845,Cluster-1,Cluster-1,False,,False
483,TGPAGPS,10.087453,4.8137436,Cluster-1,Cluster-1,False,,False
484,GPAGAPGTPGPQ,10.467022,3.4721916,Cluster-1,Cluster-1,False,,False
485,PGTPGSPGPAGAAGNPGT,11.750571,3.7673793,Cluster-1,Cluster-1,False,,False
486,RGFPGLPGPS,8.160362,4.285461,Cluster-1,Cluster-1,False,,False
487,RIGQPGAVGPA,4.948774,4.035821,Cluster-2,C2-Sub-1,False,,False
488,AGPSGPAGPT,8.694544,2.7821689,Cluster-1,Cluster-1,False,,False
489,GETGPAGPAGPIGPV,9.339333,1.5140661,Cluster-1,Cluster-1,False,,False
490,GHNGLDGL,8.3517475,4.8169374,Cluster-1,Cluster-1,False,,False
491,GPAGPIGPVGAR,9.218382,2.3659818,Cluster-1,Cluster-1,False,,False
492,GPPGAEGLPGSPGF,8.012319,6.282883,Cluster-1,Cluster-1,False,,False
493,PGSGPAPGPGPGPSPL,5.7455406,4.1014156,Cluster-2,C2-Sub-1,False,,False
494,ASGPPGFVGE,4.4338408,4.7975793,Cluster-2,C2-Sub-1,False,,False
495,ETGPAGPAGPIGPV,9.355776,1.6044078,Cluster-1,Cluster-1,False,,False
496,GQRGVVGLPGQ,7.0420933,4.991537,Cluster-2,C2-Sub-1,False,,False
497,GYDLSFLPQPPQE,1.2817187,6.5500803,Cluster-2,C2-Sub-3,False,,False
498,HNGLDGL,2.9029605,6.149281,Cluster-2,C2-Sub-3,False,,False
499,KSTGISVPGPM,3.5705452,3.8962924,Cluster-2,C2-Sub-2,False,,False
500,TGASGPPGFVGE,9.06919,6.001032,Cluster-1,Cluster-1,False,,False
501,AGPPGPTGPA,11.363186,3.2707832,Cluster-1,Cluster-1,False,,False
502,NGSPGAPGAPGHPGPPGPVGPA,8.546016,5.942844,Cluster-1,Cluster-1,False,,False
503,TGPAGPAGPIGPVGAR,9.369109,2.3275242,Cluster-1,Cluster-1,False,,False
504,GIPGPPGAPGSPG,8.948322,5.5199504,Cluster-1,Cluster-1,False,,False
505,GSPGPQGPPGSIGPQGL,9.040847,3.6283884,Cluster-1,Cluster-1,False,,False
506,SVGPLPKSLVDL,1.3672557,5.241517,Cluster-2,C2-Sub-3,False,,False
507,PGLIGAR,3.2236545,6.249369,Cluster-2,C2-Sub-1,False,,False
508,GLPGPPGAPGPQ,10.270389,4.5376678,Cluster-1,Cluster-1,False,,False
509,GPGPSPGPI,6.46284,3.025835,Cluster-2,C2-Sub-1,False,,False
510,GPGPSPGPL,5.8017807,4.4708796,Cluster-2,C2-Sub-1,False,,False
511,GPPGSPGLP,7.9124436,4.2272177,Cluster-1,Cluster-1,False,,False
512,GHRGFSGL,5.6532197,5.188086,Cluster-2,C2-Sub-1,False,,False
513,GLTGARGL,5.6686974,5.3096013,Cluster-2,C2-Sub-1,False,,False
514,GPAGPPGPIGN,9.421159,6.094461,Cluster-1,Cluster-1,False,,False
515,GPPGAPGAPGAPGPVGPA,9.030699,5.482844,Cluster-1,Cluster-1,False,,False
516,RGFPGLP,6.330966,4.548279,Cluster-2,C2-Sub-1,False,,False
517,GVQGPPGPA,9.477844,5.2929044,Cluster-1,Cluster-1,False,,False
518,TGPAGAP,9.894883,4.849219,Cluster-1,Cluster-1,False,,False
519,TGPAGPPGAPGAPGAPGPVGPA,9.732043,2.4628277,Cluster-1,Cluster-1,False,,False
520,HRGFSGL,5.6393476,5.2598867,Cluster-2,C2-Sub-1,False,,False
521,GAPGPPGLPGPAG,9.005674,5.1368794,Cluster-1,Cluster-1,False,,False
522,GSPGPAGPI,9.38945,4.366754,Cluster-1,Cluster-1,False,,False
523,PGSPGPAGL,8.266552,4.354392,Cluster-1,Cluster-1,False,,False
524,SGAAGPTGPIGS,9.816358,2.6705434,Cluster-1,Cluster-1,False,,False
525,GIQGPPGPA,9.527893,4.980464,Cluster-1,Cluster-1,False,,False
526,GPAGPPGLPG,7.738775,5.671231,Cluster-1,Cluster-1,False,,False
527,GPAGPPGPIG,9.641296,5.90266,Cluster-1,Cluster-1,False,,False
528,GQIGPPGAP,10.215715,4.0231194,Cluster-1,Cluster-1,False,,False
529,DLSFLPQPPQ,1.2652049,6.511198,Cluster-2,C2-Sub-3,False,,False
530,GPTGPIGS,9.955689,3.2020032,Cluster-1,Cluster-1,False,,False
531,LSFLPQPPQE,1.4390082,6.510697,Cluster-2,C2-Sub-3,False,,False
532,PGAPGPVGPA,6.7022395,3.6500585,Cluster-1,Cluster-1,False,,False
533,VGPGPSPGPLN,5.594108,4.574575,Cluster-2,C2-Sub-1,False,,False
534,GAAGPTGPIGS,10.048293,3.023974,Cluster-1,Cluster-1,False,,False
535,GPPGAPGPL,8.406597,5.3010993,Cluster-1,Cluster-1,False,,False
536,VGPAGPN,8.392108,5.8304076,Cluster-1,Cluster-1,False,,False
537,AGPTGPIGS,10.240629,3.1624308,Cluster-1,Cluster-1,False,,False
538,TGPIGPPGPA,10.638831,3.864006,Cluster-1,Cluster-1,False,,False
539,GAPGPVGPA,8.845171,4.387974,Cluster-1,Cluster-1,False,,False
540,GIPGAPGLIGAR,9.075727,5.7198887,Cluster-1,Cluster-1,False,,False
541,GPAGPPGPIGNVG,9.578314,6.0408177,Cluster-1,Cluster-1,False,,False
542,AAGPTGPIGS,10.139051,3.1346822,Cluster-1,Cluster-1,False,,False
543,GPPGPAGI,8.482054,5.557417,Cluster-1,Cluster-1,False,,False
544,QPGAVGPA,3.8772635,5.554246,Cluster-2,C2-Sub-1,False,,False
545,APGGPYGPPAG,4.547913,4.48039,Cluster-2,C2-Sub-1,False,,False
546,GPAGPPGFPG,7.4377074,5.5616574,Cluster-1,Cluster-1,False,,False
547,GPAGPPGPIGNV,9.465106,6.08519,Cluster-1,Cluster-1,False,,False
548,GPYGPPGAPGIGQQ,8.358482,3.339794,Cluster-1,Cluster-1,False,,False
549,GQPQGLLGPQ,5.893486,4.332435,Cluster-2,C2-Sub-1,False,,False
550,AGPPGPTGPAGPPGFPGAV,10.087958,2.307709,Cluster-1,Cluster-1,False,,False
551,NGPVGPTGPVGA,9.993793,2.238007,Cluster-1,Cluster-1,False,,False
552,GPAGPPGFPGA,7.7661843,5.3565674,Cluster-1,Cluster-1,False,,False
553,GPLGGAAPGTPGLAGGP,5.3588724,4.6077,Cluster-2,C2-Sub-1,False,,False
554,NGPVGPTGPV,8.531531,2.820533,Cluster-1,Cluster-1,False,,False
555,NGPVGPTGPVGAA,10.0407295,2.336618,Cluster-1,Cluster-1,False,,False
556,TGPAGPAGPI,10.340692,2.665059,Cluster-1,Cluster-1,False,,False
557,GPYGPSGLPGAPG,9.223269,5.5852137,Cluster-1,Cluster-1,False,,False
558,GSPGLPGPV,8.190608,4.6244893,Cluster-1,Cluster-1,False,,False
559,GVPGPPGAVGPA,8.875304,4.485729,Cluster-1,Cluster-1,False,,False
560,TKLPSGLPVSL,2.719946,5.0115523,Cluster-2,C2-Sub-2,False,,False
561,VIQPLPIQASRT,1.0589501,5.8521423,Cluster-2,C2-Sub-3,False,,False
562,GPVGPTGPVGA,9.983537,2.3519685,Cluster-1,Cluster-1,False,,False
563,TGPAGPAGPIGPV,9.879938,2.2329779,Cluster-1,Cluster-1,False,,False
564,GPNGFAGPA,10.384636,3.842203,Cluster-1,Cluster-1,False,,False
565,GPVGPTGPVGAA,10.040536,2.3266525,Cluster-1,Cluster-1,False,,False
566,GPPGPAGF,7.925776,5.437516,Cluster-1,Cluster-1,False,,False
567,GPVGPTGPV,8.568141,2.8523803,Cluster-1,Cluster-1,False,,False
568,GPAGPIGPVGA,9.7298155,2.5098257,Cluster-1,Cluster-1,False,,False
569,PAGPAGPIGPV,9.314789,2.3881314,Cluster-1,Cluster-1,False,,False
570,PQGPTGF,10.917966,3.710905,Cluster-2,C2-Sub-1,False,,False
571,VGPAGPNGFAGPA,10.2916155,4.763334,Cluster-1,Cluster-1,False,,False
572,GPAGPPGFPGAV,7.868203,5.333463,Cluster-1,Cluster-1,False,,False
573,AGPAGPIGPV,9.244693,2.425609,Cluster-1,Cluster-1,False,,False
574,VGPTGPVGA,10.152892,3.0037441,Cluster-1,Cluster-1,False,,False
575,GFPGLPGPS,8.358041,4.43936,Cluster-1,Cluster-1,False,,False
576,STGISVPGPM,3.6380854,3.73975,Cluster-2,C2-Sub-2,False,,False
577,KLPSGLPVSLL,1.3517506,5.3511815,Cluster-2,C2-Sub-3,False,,False
578,TKLPSGLPVSLL,1.2858003,5.2892613,Cluster-2,C2-Sub-3,False,,False
579,VGPAGPNGFA,10.513415,4.1060605,Cluster-1,Cluster-1,False,,False
580,VGPVGPA,4.436844,5.6685653,Cluster-2,C2-Sub-1,False,,False
581,GIPGAPGLIGA,9.073237,5.808555,Cluster-1,Cluster-1,False,,False
582,GLPGAPGLL,7.93717,4.838361,Cluster-1,Cluster-1,False,,False
583,GLPGVPGF,7.1023307,5.297072,Cluster-1,Cluster-1,False,,False
584,RGPPGAGGPPGPR,5.1522427,4.2315917,Cluster-2,C2-Sub-1,False,,False
585,GPPGPAGPR,5.395833,3.6539183,Cluster-2,C2-Sub-1,False,,False
586,RGPPGPMGPPGLAGPPGE,10.381085,4.8784685,Cluster-1,Cluster-1,False,,False
587,GVQGPPGPAGPR,7.328436,2.6109533,Cluster-1,Cluster-1,False,,False
588,GPPGLAGPPGE,7.972186,6.369358,Cluster-1,Cluster-1,False,,False
589,AQGPPGPA,10.089551,4.893618,Cluster-1,Cluster-1,False,,False
590,AGPPGPTGPAGPPGFPG,11.668829,4.7201176,Cluster-1,Cluster-1,False,,False
591,GPAGPPGIPG,9.34888,5.9820304,Cluster-1,Cluster-1,False,,False
592,GPPGLAGPPG,8.0986805,5.7518463,Cluster-1,Cluster-1,False,,False
593,GPAGPPGPI,9.429626,5.3950796,Cluster-1,Cluster-1,False,,False
594,GPPGPAGL,7.9034543,5.571515,Cluster-1,Cluster-1,False,,False
595,ECTNSKDCFEAQ,1.3758423,4.743906,Cluster-2,C2-Sub-3,False,,False
596,ECENSKDCFEAQ,1.4024365,4.5492277,Cluster-2,C2-Sub-3,False,,False
597,EVTGSNNEVTGNDN,0.8593374,5.466655,Cluster-2,C2-Sub-3,False,,False
598,EVEGSNNEVEGNDN,0.96360165,5.5671825,Cluster-2,C2-Sub-3,False,,False
599,EVEASTNCYKAT,1.7045963,4.4087896,Cluster-2,C2-Sub-3,True,6.83527245,True
600,ECEDSTNCYKAT,1.4723548,4.469875,Cluster-2,C2-Sub-3,True,1.73520597,True
601,ECEDSGNCYKAT,1.301698,4.693021,Cluster-2,C2-Sub-3,True,7.408696824,True
602,ECEASTNCYKAT,1.5986956,4.293094,Cluster-2,C2-Sub-3,False,,False
603,EVEADSTNCYKAT,1.7111807,4.4268928,Cluster-2,C2-Sub-3,True,7.536723418,True
604,AGPSESEAGPS,3.8505387,5.748532,Cluster-2,C2-Sub-1,False,,False
605,AGPSEPEAGPS,3.8373685,5.615977,Cluster-2,C2-Sub-1,False,,False
606,AVDAGEGEDELIIGGDVSG,4.8571486,5.8842354,Cluster-2,C2-Sub-1,True,3.2334,True
607,DGAPGKDGIR,11.628089,3.5794318,Cluster-1,Cluster-1,False,,False
608,GDQVRGPA,3.8373046,5.5504894,Cluster-2,C2-Sub-1,False,,False
609,PGVDQGPQ,3.371558,5.8471885,Cluster-2,C2-Sub-1,False,,False
610,GFAGPPGSDGQ,9.7470455,4.990995,Cluster-1,Cluster-1,False,,False
611,PGVQGTKP,3.3067698,5.9545245,Cluster-2,C2-Sub-3,False,,False
612,DLAGKDLQ,1.9772446,6.0790033,Cluster-2,C2-Sub-3,False,,False
613,GFAGDDAPRA,3.902704,5.516367,Cluster-2,C2-Sub-1,False,,False
614,GFAGPPGS,8.025494,5.3107524,Cluster-1,Cluster-1,False,,False
615,EADDAEAF,2.2182827,4.6499014,Cluster-2,C2-Sub-3,False,,False
616,ERERLEAQ,2.4180562,6.5020537,Cluster-2,C2-Sub-3,False,,False
617,GFSGLDGAKGD,10.86548,5.4902954,Cluster-1,Cluster-1,False,,False
618,PTCTGPGA,4.395574,4.512364,Cluster-2,C2-Sub-1,False,,False
619,EGPRAGGAPG,5.1251535,4.813671,Cluster-2,C2-Sub-1,True,22.75099951,False
620,GDAGPSGPAGPTG,9.727636,2.5430057,Cluster-1,Cluster-1,True,14.3672791,True
621,GEAGPAGPAG,9.570987,5.9402914,Cluster-1,Cluster-1,True,14.51349894,True
622,GAIGPAGPLGP,9.829678,5.636945,Cluster-1,Cluster-1,True,12.669916,True
623,GERGFPGERGSPGAQGLQGPR,8.070037,2.508688,Cluster-1,Cluster-1,True,10.8249854,True
624,TTSPTNVSTT,2.6831617,2.9183798,Cluster-1,Cluster-1,True,14.5263016,True
625,GLLGPLGPRGLL,7.5476975,6.496705,Cluster-1,Cluster-1,True,16.52082117,False
626,VGPAGPSGPSGPQ,9.489872,3.5043483,Cluster-1,Cluster-1,True,14.9609182,True
627,RGSPGERGESGPAGPSG,8.17339,1.8429192,Cluster-1,Cluster-1,True,15.10713804,True
628,VGPAGPSGPSGPQG,9.459233,2.910904,Cluster-1,Cluster-1,True,12.69417367,True
629,DVRGAEGSAGL,5.4038777,5.141179,Cluster-2,C2-Sub-1,True,14.83154396,True
630,KAADSFNHKAFFAKVG,2.0650015,4.4479804,Cluster-2,C2-Sub-3,True,13.98252549,True
631,KDGTPGQFGPGAGGKGNH,3.2366436,6.0577087,Cluster-2,C2-Sub-3,True,11.56888729,True
632,DTASDAAAAAAL,2.2170398,4.2785387,Cluster-1,Cluster-1,True,10.15183505,True
633,CTRSTNCYKAKTA,1.9048749,4.2446656,Cluster-2,C2-Sub-3,True,14.13683123,True
634,QRSNFHPLAASFIVRCAFEHSRRFT,2.4525466,3.1023192,Cluster-2,C2-Sub-3,True,12.71910516,True
635,DGTLDVA,2.379536,5.9511533,Cluster-2,C2-Sub-3,True,15.70886303,True
636,STSTATATGR,3.222181,3.0984125,Cluster-2,C2-Sub-2,True,14.86119222,True
637,GATARSTST,3.32145,3.2968397,Cluster-2,C2-Sub-2,True,14.43803064,True
638,RGTATTTATGT,3.391421,3.2525277,Cluster-2,C2-Sub-2,True,14.58425048,True
639,RATGSATTS,3.248431,3.1773381,Cluster-2,C2-Sub-2,True,12.0291092,True
640,PTQTQTITGPG,4.6931605,3.967933,Cluster-2,C2-Sub-2,True,11.74879835,True
641,RNTATTTVTAS,3.3021293,3.2632213,Cluster-2,C2-Sub-2,True,13.31746103,True
642,TCTNSKDCFEANTCTDSTNCYKAT,1.2382745,4.9723234,Cluster-2,C2-Sub-3,True,14.17456538,True
643,AVDAGTGNDELIIGGDVSG,9.569741,2.0881782,Cluster-1,Cluster-1,True,9.060239881,True
644,TCTDSTNCYKAT,1.5653019,4.2660537,Cluster-2,C2-Sub-3,True,9.632990432,True
645,TVTGSNNTVTGNDN,11.767056,4.6781745,Cluster-1,Cluster-1,True,13.33363281,True
646,SGAATRTTST,3.1639557,3.049837,Cluster-2,C2-Sub-2,True,14.76011859,True
647,KSTLTNCYVDKSEVFG,1.350976,4.4649043,Cluster-2,C2-Sub-3,True,12.77368492,True
648,KAGISSVPD,2.2431233,5.084699,Cluster-2,C2-Sub-3,True,13.20425857,True
649,TSSVSVPTD,3.0006857,3.069089,Cluster-2,C2-Sub-2,True,15.76748574,True
650,YSCRAVGV,3.3988414,4.7706795,Cluster-2,C2-Sub-1,True,12.78581375,True
651,AAATAKAAAE,2.129723,4.298979,Cluster-2,C2-Sub-3,True,11.22658461,True
652,STSTGSRISGPGCKIST,3.2195082,3.0150301,Cluster-2,C2-Sub-2,True,11.79933516,True
653,TCHAKAT,1.7543323,4.4254365,Cluster-2,C2-Sub-3,True,13.22514712,True
654,RAVTDIQ,2.231499,5.0464306,Cluster-2,C2-Sub-3,True,13.94007457,True
655,MASGTSE,3.5396128,3.8913999,Cluster-2,C2-Sub-1,True,13.51758681,True
656,TARSTST,3.027038,2.9278376,Cluster-2,C2-Sub-2,True,11.38965006,True
657,TGSATTS,3.0449429,2.9879634,Cluster-2,C2-Sub-2,True,12.67261129,True
658,ATAVTLQSAA,2.128791,4.3988347,Cluster-2,C2-Sub-3,True,12.39364808,True
659,DCQVST,2.9446497,4.628631,Cluster-2,C2-Sub-2,True,14.10314002,True
660,ETCTRS,3.4058495,3.8397691,Cluster-2,C2-Sub-2,True,13.53914918,True
661,TNCYKA,1.7320603,4.8579855,Cluster-2,C2-Sub-3,True,12.69013072,True
662,KTCTDS,2.7609322,4.204691,Cluster-2,C2-Sub-2,True,13.54723507,True
663,ASTLTTTPG,3.1048577,3.0938866,Cluster-2,C2-Sub-2,True,10.42338619,True
664,STATNCYIDNSQLVDT,2.446768,3.106869,Cluster-2,C2-Sub-3,True,12.98661336,True
665,SICTRSQYSDANVKK,2.3676307,3.2513626,Cluster-2,C2-Sub-3,True,11.85324109,True
666,PDTTLTEC,2.3365164,5.238113,Cluster-2,C2-Sub-3,True,14.70082207,True
667,CTITRGVATPAAACKISG,3.0222063,3.5584822,Cluster-2,C2-Sub-2,True,12.99941602,True
668,GAAGAGSSGP,7.735228,4.987255,Cluster-1,Cluster-1,True,11.44018687,True
669,DEQPNTISG,1.1926163,5.6595035,Cluster-2,C2-Sub-3,True,13.86123714,True
670,SNNTVRSG,2.9449954,4.317426,Cluster-2,C2-Sub-2,True,11.16324514,True
671,SKNVLAG,1.8930068,5.00756,Cluster-2,C2-Sub-3,True,11.87817259,True
672,DNNSVSG,2.930755,4.4629583,Cluster-2,C2-Sub-2,True,13.16248147,True
673,NDNTVTG,2.9602292,4.491375,Cluster-2,C2-Sub-2,True,14.58829343,True
674,SNNNVAVT,2.6534586,4.3232446,Cluster-2,C2-Sub-2,True,14.02362877,True
675,TNHIVTD,2.0883708,5.2809267,Cluster-2,C2-Sub-3,True,13.0324334,True
676,NNNNVSG,2.878216,4.470201,Cluster-2,C2-Sub-2,True,14.60042226,True
677,MMRSEV,4.240061,4.4965096,Cluster-2,C2-Sub-1,True,12.75683932,True
678,SFHTVSG,3.2633638,4.3087645,Cluster-2,C2-Sub-2,True,15.74592336,True
679,GHNTVSG,3.9142852,5.1307073,Cluster-2,C2-Sub-1,True,13.04995283,True
680,SNNTVSG,2.8235774,4.3402658,Cluster-2,C2-Sub-2,True,14.19141099,True
681,NISNKDRFNG,2.860239,4.450969,Cluster-2,C2-Sub-2,True,15.61722295,True
682,EGKVTNPSG,3.8716161,4.8667502,Cluster-2,C2-Sub-1,True,14.91038138,True
683,MEGKVTNPIG,4.6132383,4.582656,Cluster-2,C2-Sub-1,True,13.35047842,True
684,GKVTNPSGIP,3.0675528,4.5351434,Cluster-2,C2-Sub-2,True,15.34499798,True
685,WTSSVGASAD,3.1852949,3.6585605,Cluster-2,C2-Sub-2,True,12.79053052,True
686,QTSVALQSAT,2.2430675,4.2656617,Cluster-2,C2-Sub-3,True,15.35308387,True
687,TGVSTVPQSV,3.135016,3.798174,Cluster-2,C2-Sub-2,True,11.94555501,True
688,SDTSQNPNKNKNTNKNYNNRYDFETNYKTGPN,0.8598844,5.439922,Cluster-2,C2-Sub-3,True,13.65504694,True
689,SPVGAS,2.7868273,3.2684236,Cluster-2,C2-Sub-2,True,14.93935582,True
690,AVTLKT,2.1190584,5.0010867,Cluster-2,C2-Sub-3,True,13.66380666,True
691,STVPQSVITGAVGLS,3.0172315,3.5475008,Cluster-2,C2-Sub-2,True,15.09029244,True
692,AKFEGVILAK,1.8047352,5.0058684,Cluster-2,C2-Sub-3,True,13.95692017,True
693,SSLNGRILSQ,1.4136332,6.0276737,Cluster-2,C2-Sub-3,True,12.53919411,True
694,KKIILAG,1.5220002,5.319691,Cluster-2,C2-Sub-3,True,15.38677508,True
695,CVNTN,1.6664971,4.6890817,Cluster-2,C2-Sub-3,True,14.25340281,True
696,STATN,2.9839132,3.0897574,Cluster-2,C2-Sub-2,True,14.5458425,True
697,SVTTD,2.80624,3.073258,Cluster-2,C2-Sub-2,True,13.98185167,True
698,TTCTG,2.7497551,4.063468,Cluster-2,C2-Sub-2,True,13.41651318,True
699,STTTG,2.8089638,2.8226995,Cluster-2,C2-Sub-2,True,12.42666547,True
700,CTITR,3.0858285,3.5977035,Cluster-2,C2-Sub-2,True,13.4252729,True
701,QLIPINTALTLIM,1.3201643,5.7755218,Cluster-2,C2-Sub-3,True,13.57216657,True
702,KSLRLSSTS,7.0210996,2.3728461,Cluster-1,Cluster-1,True,13.43403261,True
703,LTKLTCLDLS,1.4526651,5.568983,Cluster-2,C2-Sub-3,True,16.28161358,True
704,LKALHL,2.1345842,5.9492927,Cluster-2,C2-Sub-3,True,12.8734109,True
705,PIRLDFS,1.584924,6.406322,Cluster-2,C2-Sub-3,True,14.15704595,True
706,TTCTGSQRNGDYERS,4.200315,4.4370155,Cluster-2,C2-Sub-1,True,14.01958582,True
707,NSCRAVGV,3.367487,4.704771,Cluster-2,C2-Sub-1,True,13.45492116,True
708,NVACTGS,1.9810487,4.6027703,Cluster-2,C2-Sub-3,True,14.45420242,True
709,VGERYGTN,2.7315779,6.5940986,Cluster-2,C2-Sub-1,True,12.60994564,True
710,QTYRDLN,2.3469555,5.9308243,Cluster-2,C2-Sub-3,True,14.32011141,True
711,DTASDAKAAAEL,2.168077,4.3960314,Cluster-2,C2-Sub-3,True,10.62755492,True
712,DTASDAFAAAAL,2.2122025,4.293052,Cluster-1,Cluster-1,True,10.77444859,True
713,PPPPPPPPPP,0.9769909,5.92377,Cluster-2,C2-Sub-2,True,14.33224024,True
714,KCCTKNCDSTAHCT,1.3452461,4.5807204,Cluster-2,C2-Sub-3,True,12.06212659,True
715,QRDPINTALTRDM,1.3599892,5.8439913,Cluster-2,C2-Sub-3,True,14.05664615,True
716,TATAVARANAE,2.0557804,4.2116637,Cluster-2,C2-Sub-3,True,15.90898881,True
717,TNCDNA,2.0719461,4.9400616,Cluster-2,C2-Sub-3,True,10.93684021,True
718,TSNATSSSTA,2.7384722,2.852098,Cluster-1,Cluster-1,True,9.09393109,True
719,TCTNSKDCFEAQ,1.5260593,4.7787647,Cluster-2,C2-Sub-3,True,6.964646692,True
