Sequence,Sequence_clean,Raw_Main_Label,Final_Main_Cluster,Final_Family,Ice_Growth_Rate
IAQPQEKAPDPY,IAQPQEKAPDPY,1,Cluster-2,C2-Sub-3,
GPGEKGPQGPAG,GPGEKGPQGPAG,0,Cluster-1,Cluster-1,
NAITDVVPAPK,NAITDVVPAPK,1,Cluster-2,C2-Sub-3,
GELGPAGPRG,GELGPAGPRG,0,Cluster-1,Cluster-1,
AGPAGARGPP,AGPAGARGPP,1,Cluster-2,C2-Sub-1,
GDSGPAGPKG,GDSGPAGPKG,0,Cluster-1,Cluster-1,
GEVGPAGSSG,GEVGPAGSSG,0,Cluster-1,Cluster-1,
GPAGPAGPRG,GPAGPAGPRG,0,Cluster-1,Cluster-1,
KEGPAGPAGQ,KEGPAGPAGQ,0,Cluster-1,Cluster-1,
KGEPGAAGPL,KGEPGAAGPL,0,Cluster-1,Cluster-1,
QGPSGLVGER,QGPSGLVGER,1,Cluster-2,C2-Sub-1,
QGPSGPGGER,QGPSGPGGER,1,Cluster-2,C2-Sub-1,
QGVAGPAGGK,QGVAGPAGGK,1,Cluster-2,C2-Sub-1,
GPAGSAGKDGP,GPAGSAGKDGP,0,Cluster-1,Cluster-1,
EGPAGPAGQDG,EGPAGPAGQDG,0,Cluster-1,Cluster-1,
GAAGEPGKPGE,GAAGEPGKPGE,1,Cluster-2,C2-Sub-1,
GPSGSNGVPGK,GPSGSNGVPGK,0,Cluster-1,Cluster-1,
PGSDGAAGPKG,PGSDGAAGPKG,0,Cluster-1,Cluster-1,
PGSPGGPGKPG,PGSPGGPGKPG,0,Cluster-1,Cluster-1,
QGPSGPGGERG,QGPSGPGGERG,0,Cluster-1,Cluster-1,
GPAGPSGADGPQ,GPAGPSGADGPQ,0,Cluster-1,Cluster-1,
GAPGPAGNDGAK,GAPGPAGNDGAK,0,Cluster-1,Cluster-1,
GFPGSDGAAGPK,GFPGSDGAAGPK,0,Cluster-1,Cluster-1,
GFQGEAGPQGPK,GFQGEAGPQGPK,0,Cluster-1,Cluster-1,
GPAGPAGPAGER,GPAGPAGPAGER,1,Cluster-2,C2-Sub-1,
GPAGPVGKDGAR,GPAGPVGKDGAR,0,Cluster-1,Cluster-1,
RGEAGPAGPAGF,RGEAGPAGPAGF,1,Cluster-2,C2-Sub-1,
RGETGPAGPAGA,RGETGPAGPAGA,1,Cluster-2,C2-Sub-1,
LGEAITDVVPAPK,LGEAITDVVPAPK,1,Cluster-2,C2-Sub-3,
GEIGPAGATGPSG,GEIGPAGATGPSG,0,Cluster-1,Cluster-1,
GFPGSDGAAGPKG,GFPGSDGAAGPKG,0,Cluster-1,Cluster-1,
GAAGEPGKPGERG,GAAGEPGKPGERG,0,Cluster-1,Cluster-1,
GPAGASGPAGPRG,GPAGASGPAGPRG,0,Cluster-1,Cluster-1,
GPAGPHGPPGKDG,GPAGPHGPPGKDG,0,Cluster-1,Cluster-1,
ALVFVDNHDNQR,ALVFVDNHDNQR,1,Cluster-2,C2-Sub-3,
ALVFVDNHDNQRG,ALVFVDNHDNQRG,1,Cluster-2,C2-Sub-3,
DLEGSLEQEK,DLEGSLEQEK,1,Cluster-2,C2-Sub-3,
GLLDLALEKD,GLLDLALEKD,1,Cluster-2,C2-Sub-3,
GTADFLPSKPR,GTADFLPSKPR,1,Cluster-2,C2-Sub-2,
IDTGIHSREW,IDTGIHSREW,1,Cluster-2,C2-Sub-3,
LQDLVDKLQLK,LQDLVDKLQLK,1,Cluster-2,C2-Sub-3,
NQGTADFLPSKPR,NQGTADFLPSKPR,1,Cluster-2,C2-Sub-2,
SEALDDLYKEF,SEALDDLYKEF,1,Cluster-2,C2-Sub-3,
SYAFELRDTGRY,SYAFELRDTGRY,1,Cluster-2,C2-Sub-3,
AGASGPAGPR,AGASGPAGPR,1,Cluster-2,C2-Sub-1,
AQTVPSVQDPR,AQTVPSVQDPR,1,Cluster-2,C2-Sub-1,
DLTGIPPAPR,DLTGIPPAPR,1,Cluster-2,C2-Sub-3,
LEGDVDVSVPK,LEGDVDVSVPK,1,Cluster-2,C2-Sub-3,
NDQGKDPGPR,NDQGKDPGPR,1,Cluster-2,C2-Sub-3,
VFVDNHDNQR,VFVDNHDNQR,1,Cluster-2,C2-Sub-2,
SGLDGAK,SGLDGAK,1,Cluster-2,C2-Sub-3,
TGHKPEL,TGHKPEL,1,Cluster-2,C2-Sub-3,
SGPAGPR,SGPAGPR,1,Cluster-2,C2-Sub-1,
AGPTGPR,AGPTGPR,1,Cluster-2,C2-Sub-1,
GPSGPQG,GPSGPQG,0,Cluster-1,Cluster-1,
NDLTLLK,NDLTLLK,1,Cluster-2,C2-Sub-3,
FGNPWEK,FGNPWEK,1,Cluster-2,C2-Sub-3,
DFLPSKPR,DFLPSKPR,1,Cluster-2,C2-Sub-1,
TYDEYNKG,TYDEYNKG,1,Cluster-2,C2-Sub-3,
SGLDGAKG,SGLDGAKG,0,Cluster-1,Cluster-1,
TEAPLNPK,TEAPLNPK,1,Cluster-2,C2-Sub-3,
SGPAGGPR,SGPAGGPR,1,Cluster-2,C2-Sub-1,
GEAGPQGA,GEAGPQGA,0,Cluster-1,Cluster-1,
IDTGIHSR,IDTGIHSR,1,Cluster-2,C2-Sub-3,
GYTGLDGR,GYTGLDGR,0,Cluster-1,Cluster-1,
LEAQTRPF,LEAQTRPF,1,Cluster-2,C2-Sub-3,
GDSGPAGPK,GDSGPAGPK,0,Cluster-1,Cluster-1,
ADFLPSKPR,ADFLPSKPR,1,Cluster-2,C2-Sub-1,
KGEPGAAGA,KGEPGAAGA,0,Cluster-1,Cluster-1,
GVAGESGPR,GVAGESGPR,1,Cluster-2,C2-Sub-1,
GELGPAGPR,GELGPAGPR,1,Cluster-2,C2-Sub-1,
LQDLVDKLQ,LQDLVDKLQ,1,Cluster-2,C2-Sub-3,
GPAGPAGPR,GPAGPAGPR,1,Cluster-2,C2-Sub-1,
GISGPSGPK,GISGPSGPK,0,Cluster-1,Cluster-1,
TYDEYNKGF,TYDEYNKGF,1,Cluster-2,C2-Sub-3,
GFSGLDGAK,GFSGLDGAK,0,Cluster-1,Cluster-1,
PGARGPAGA,PGARGPAGA,1,Cluster-2,C2-Sub-1,
TGEPGIPGS,TGEPGIPGS,0,Cluster-1,Cluster-1,
GPAGVRGPA,GPAGVRGPA,1,Cluster-2,C2-Sub-1,
VWVNEEDHL,VWVNEEDHL,1,Cluster-2,C2-Sub-3,
PPGSSGPAGKDGPR,PPGSSGPAGKDGPR,0,Cluster-1,Cluster-1,
GPAGPHGPPGKDGR,GPAGPHGPPGKDGR,0,Cluster-1,Cluster-1,
GESGPGGPSGPVGQ,GESGPGGPSGPVGQ,0,Cluster-1,Cluster-1,
GFPGLPGGSGEPGK,GFPGLPGGSGEPGK,0,Cluster-1,Cluster-1,
SGLPGPTGPPGPRG,SGLPGPTGPPGPRG,0,Cluster-1,Cluster-1,
EGGKGDPGPQGIGGK,EGGKGDPGPQGIGGK,0,Cluster-1,Cluster-1,
KGDRGEPGSAGSMGL,KGDRGEPGSAGSMGL,0,Cluster-1,Cluster-1,
GATGDKGEPGAAGPL,GATGDKGEPGAAGPL,0,Cluster-1,Cluster-1,
RGESGPGGPSGPVGQ,RGESGPGGPSGPVGQ,0,Cluster-1,Cluster-1,
GIVGPPGSSGPAGKD,GIVGPPGSSGPAGKD,0,Cluster-1,Cluster-1,
PGTDGPKGAIGPAGA,PGTDGPKGAIGPAGA,0,Cluster-1,Cluster-1,
LEQQVDDLEGSLEQEK,LEQQVDDLEGSLEQEK,1,Cluster-2,C2-Sub-3,
VGPPGSSGPAGKDGPR,VGPPGSSGPAGKDGPR,0,Cluster-1,Cluster-1,
DLGFIAQPQEKAPDPY,DLGFIAQPQEKAPDPY,1,Cluster-2,C2-Sub-3,
VGAQGPAGPAGPAGER,VGAQGPAGPAGPAGER,0,Cluster-1,Cluster-1,
RGADGNVGPAGPAGPL,RGADGNVGPAGPAGPL,0,Cluster-1,Cluster-1,
GDKGEPGAAGPLGPAGA,GDKGEPGAAGPLGPAGA,0,Cluster-1,Cluster-1,
TGPPGEPGEPGASGPMG,TGPPGEPGEPGASGPMG,0,Cluster-1,Cluster-1,
GFSGLDGAKGDSGPAGPK,GFSGLDGAKGDSGPAGPK,0,Cluster-1,Cluster-1,
GIVGPPGSSGPAGKDGPR,GIVGPPGSSGPAGKDGPR,0,Cluster-1,Cluster-1,
GETGPAGPAGAAGPAGPR,GETGPAGPAGAAGPAGPR,0,Cluster-1,Cluster-1,
GFSGLDGAKGDSGPAGPKG,GFSGLDGAKGDSGPAGPKG,0,Cluster-1,Cluster-1,
GIVGPPGSSGPAGKDGPRG,GIVGPPGSSGPAGKDGPRG,0,Cluster-1,Cluster-1,
ATGDKGEPGAAGPLGPAGA,ATGDKGEPGAAGPLGPAGA,0,Cluster-1,Cluster-1,
GETGPAGPAGAAGPAGPRG,GETGPAGPAGAAGPAGPRG,0,Cluster-1,Cluster-1,
GAPGPGGEKGSPGSDGSPGA,GAPGPGGEKGSPGSDGSPGA,0,Cluster-1,Cluster-1,
DGDVGAQGPAGPAGPAGERG,DGDVGAQGPAGPAGPAGERG,1,Cluster-2,C2-Sub-1,
PQEGAAGEEQGTGAGHLQGS,PQEGAAGEEQGTGAGHLQGS,1,Cluster-2,C2-Sub-1,
GATGDKGEPGAAGPLGPAGA,GATGDKGEPGAAGPLGPAGA,0,Cluster-1,Cluster-1,
GIVGPPGSSGPAGKDGPRGL,GIVGPPGSSGPAGKDGPRGL,0,Cluster-1,Cluster-1,
SGDRGETGAAGPAGPSGPAGV,SGDRGETGAAGPAGPSGPAGV,0,Cluster-1,Cluster-1,
GLPGPAGATGDKGEPGAAGPL,GLPGPAGATGDKGEPGAAGPL,0,Cluster-1,Cluster-1,
GPSGAPGPQGFQGGPGEAGEPGA,GPSGAPGPQGFQGGPGEAGEPGA,0,Cluster-1,Cluster-1,
GFPGLPGGSGEPGKQGPSGLVGE,GFPGLPGGSGEPGKQGPSGLVGE,0,Cluster-1,Cluster-1,
EGGQKGEGGAPGPQGPSGAPGPVG,EGGQKGEGGAPGPQGPSGAPGPVG,0,Cluster-1,Cluster-1,
PSGGVGAPGKDGDVGAPGPSGVAG,PSGGVGAPGKDGDVGAPGPSGVAG,0,Cluster-1,Cluster-1,
GPAGPAGARGADGNVGPAGPAGPL,GPAGPAGARGADGNVGPAGPAGPL,0,Cluster-1,Cluster-1,
QGDGKDGAAVAQPAAGAEPAAATSP,QGDGKDGAAVAQPAAGAEPAAATSP,1,Cluster-2,C2-Sub-1,
SGPPGPAQNSGGPGFDTPQNQHEVKPQ,SGPPGPAQNSGGPGFDTPQNQHEVKPQ,1,Cluster-2,C2-Sub-2,
GDAGAPGPGGPVGASGPQGPAGPPGPK,GDAGAPGPGGPVGASGPQGPAGPPGPK,0,Cluster-1,Cluster-1,
TGLTGAPGKDGDVGAQGPAGPAGPAGER,TGLTGAPGKDGDVGAQGPAGPAGPAGER,0,Cluster-1,Cluster-1,
GPSGSNGVPGKDGMNGLPGPIGPPGPRG,GPSGSNGVPGKDGMNGLPGPIGPPGPRG,0,Cluster-1,Cluster-1,
GDAGAPGPGGPVGASGPQGPAGPPGPKG,GDAGAPGPGGPVGASGPQGPAGPPGPKG,0,Cluster-1,Cluster-1,
GIVGPPGSSGPAGK,GIVGPPGSSGPAGK,0,Cluster-1,Cluster-1,
LLTEAPLNPK,LLTEAPLNPK,1,Cluster-2,C2-Sub-3,
TIIPPKLPIEIPQPK,TIIPPKLPIEIPQPK,1,Cluster-2,C2-Sub-3,
TYDEYNKGFL,TYDEYNKGFL,1,Cluster-2,C2-Sub-3,
GELGPAGPAGPAG,GELGPAGPAGPAG,0,Cluster-1,Cluster-1,
GSFGPAGPAGPR,GSFGPAGPAGPR,0,Cluster-1,Cluster-1,
SFGPAGPAGPR,SFGPAGPAGPR,0,Cluster-1,Cluster-1,
SFGPAGPAGPRG,SFGPAGPAGPRG,0,Cluster-1,Cluster-1,
GEIGPAGATGPSGA,GEIGPAGATGPSGA,0,Cluster-1,Cluster-1,
GEIGPAGATGPSGAQGA,GEIGPAGATGPSGAQGA,0,Cluster-1,Cluster-1,
FGPAGPAGPR,FGPAGPAGPR,0,Cluster-1,Cluster-1,
GTAVEVGTEIH,GTAVEVGTEIH,1,Cluster-2,C2-Sub-3,
GEPGAAGPLGPAGA,GEPGAAGPLGPAGA,0,Cluster-1,Cluster-1,
DGNVGPAGPAGPL,DGNVGPAGPAGPL,0,Cluster-1,Cluster-1,
DGNVGPAGPAGPLG,DGNVGPAGPAGPLG,0,Cluster-1,Cluster-1,
GEVGPAGSSGF,GEVGPAGSSGF,0,Cluster-1,Cluster-1,
GFPGLPGGSGEPG,GFPGLPGGSGEPG,0,Cluster-1,Cluster-1,
GFPGLPGPSGE,GFPGLPGPSGE,0,Cluster-1,Cluster-1,
GLPGFPGSPGE,GLPGFPGSPGE,0,Cluster-1,Cluster-1,
GADGNVGPAGPAGPLG,GADGNVGPAGPAGPLG,0,Cluster-1,Cluster-1,
GADGNVGPAGPAGPL,GADGNVGPAGPAGPL,0,Cluster-1,Cluster-1,
AVHLGGSNEIEI,AVHLGGSNEIEI,1,Cluster-2,C2-Sub-3,
SYELPDGQVIT,SYELPDGQVIT,1,Cluster-2,C2-Sub-3,
PGSAGIGGGGGPS,PGSAGIGGGGGPS,0,Cluster-1,Cluster-1,
SFTFELR,SFTFELR,1,Cluster-2,C2-Sub-3,
TAPSAAGPSSPAPSTA,TAPSAAGPSSPAPSTA,1,Cluster-2,C2-Sub-1,
TPAPAPQPP,TPAPAPQPP,1,Cluster-2,C2-Sub-1,
GPAGPPGPVGPS,GPAGPPGPVGPS,0,Cluster-1,Cluster-1,
GVDNPGHPF,GVDNPGHPF,1,Cluster-2,C2-Sub-3,
LGNAITDVVPAPK,LGNAITDVVPAPK,1,Cluster-2,C2-Sub-3,
GASGPAGA,GASGPAGA,0,Cluster-1,Cluster-1,
PGPPGSSGPQGFTG,PGPPGSSGPQGFTG,0,Cluster-1,Cluster-1,
GPPGSPGASGPQGF,GPPGSPGASGPQGF,0,Cluster-1,Cluster-1,
LGNAGASSGAPGSP,LGNAGASSGAPGSP,0,Cluster-1,Cluster-1,
PGGGFDLG,PGGGFDLG,1,Cluster-2,C2-Sub-1,
TTAGTQTTQPN,TTAGTQTTQPN,1,Cluster-2,C2-Sub-2,
GPPGPSGAPGPQGF,GPPGPSGAPGPQGF,0,Cluster-1,Cluster-1,
GPSGAPGFPGSPG,GPSGAPGFPGSPG,0,Cluster-1,Cluster-1,
LLGSIDLDHT,LLGSIDLDHT,0,Cluster-1,Cluster-1,
GFPGLPGPSGEVG,GFPGLPGPSGEVG,0,Cluster-1,Cluster-1,
FGFPEGSVEL,FGFPEGSVEL,1,Cluster-2,C2-Sub-3,
GAPGAPGAPGAVGPSG,GAPGAPGAPGAVGPSG,0,Cluster-1,Cluster-1,
GPAGPSGPAGV,GPAGPSGPAGV,0,Cluster-1,Cluster-1,
QPSGAVPAQ,QPSGAVPAQ,1,Cluster-2,C2-Sub-1,
AGPAGPA,AGPAGPA,1,Cluster-2,C2-Sub-1,
QAIDQIAGGFFSPK,QAIDQIAGGFFSPK,1,Cluster-2,C2-Sub-3,
PAAGTPIKFDQIV,PAAGTPIKFDQIV,1,Cluster-2,C2-Sub-3,
PGIAGPSGP,PGIAGPSGP,0,Cluster-1,Cluster-1,
GAGPAGPAGPAATPA,GAGPAGPAGPAATPA,1,Cluster-2,C2-Sub-1,
IEAPPHI,IEAPPHI,1,Cluster-2,C2-Sub-3,
PGSGSLNPGGALPGAGAP,PGSGSLNPGGALPGAGAP,0,Cluster-1,Cluster-1,
GFVPHVPGDPS,GFVPHVPGDPS,1,Cluster-2,C2-Sub-1,
GIVGPPGSSGPAG,GIVGPPGSSGPAG,0,Cluster-1,Cluster-1,
VGAQGPAGPAGPA,VGAQGPAGPAGPA,0,Cluster-1,Cluster-1,
GAGGAAGAGGAAGAGGAAGAAGA,GAGGAAGAGGAAGAGGAAGAAGA,0,Cluster-1,Cluster-1,
AGGAAGAGGAAGAGGAAGAAGA,AGGAAGAGGAAGAGGAAGAAGA,0,Cluster-1,Cluster-1,
IATDTAIDILG,IATDTAIDILG,0,Cluster-1,Cluster-1,
GFTGQPGAPGPIGPAGPQGA,GFTGQPGAPGPIGPAGPQGA,0,Cluster-1,Cluster-1,
QAYMQGHYQNQGGEV,QAYMQGHYQNQGGEV,1,Cluster-2,C2-Sub-3,
STPPFIKPGLP,STPPFIKPGLP,1,Cluster-2,C2-Sub-2,
GPAGPMGPHQYTPQG,GPAGPMGPHQYTPQG,1,Cluster-2,C2-Sub-1,
GNVGPAGPAGPLG,GNVGPAGPAGPLG,0,Cluster-1,Cluster-1,
GPSGAPGFQGLPGPA,GPSGAPGFQGLPGPA,0,Cluster-1,Cluster-1,
IWIDTGIHSREW,IWIDTGIHSREW,1,Cluster-2,C2-Sub-3,
LWIDTGIHSREW,LWIDTGIHSREW,1,Cluster-2,C2-Sub-3,
PGAAGPLGPAGA,PGAAGPLGPAGA,0,Cluster-1,Cluster-1,
DFVSQPL,DFVSQPL,1,Cluster-2,C2-Sub-1,
NIIGWLDK,NIIGWLDK,1,Cluster-2,C2-Sub-3,
PGSPGPSGASVIHFSSGAPGIAGAPG,PGSPGPSGASVIHFSSGAPGIAGAPG,0,Cluster-1,Cluster-1,
IVGGQDARPGSWPWQV,IVGGQDARPGSWPWQV,1,Cluster-2,C2-Sub-1,
DLGFIAQPQ,DLGFIAQPQ,1,Cluster-2,C2-Sub-3,
NVGPAGPAGPL,NVGPAGPAGPL,0,Cluster-1,Cluster-1,
AAGPLGPAGA,AAGPLGPAGA,1,Cluster-2,C2-Sub-1,
FAEQHIPGSPF,FAEQHIPGSPF,1,Cluster-2,C2-Sub-3,
GSGFDFVSQPL,GSGFDFVSQPL,1,Cluster-2,C2-Sub-1,
VGPAGPAGPL,VGPAGPAGPL,0,Cluster-1,Cluster-1,
AVFPSIVGRP,AVFPSIVGRP,1,Cluster-2,C2-Sub-1,
SGFDFVSQPL,SGFDFVSQPL,1,Cluster-2,C2-Sub-1,
GHGAGGASIIT,GHGAGGASIIT,0,Cluster-1,Cluster-1,
GLTGPIGLPGPAGAT,GLTGPIGLPGPAGAT,0,Cluster-1,Cluster-1,
FQPSFIGMESAGI,FQPSFIGMESAGI,1,Cluster-2,C2-Sub-3,
GFDLGFIAQPQ,GFDLGFIAQPQ,1,Cluster-2,C2-Sub-3,
GFIVFNNDDW,GFIVFNNDDW,1,Cluster-2,C2-Sub-3,
SIHVNGAHA,SIHVNGAHA,1,Cluster-2,C2-Sub-3,
FDLGFIAQPQ,FDLGFIAQPQ,1,Cluster-2,C2-Sub-3,
TASLATPYPAAGTPI,TASLATPYPAAGTPI,1,Cluster-2,C2-Sub-2,
VIISAPSADAPMFV,VIISAPSADAPMFV,1,Cluster-2,C2-Sub-3,
FDFVSQPL,FDFVSQPL,1,Cluster-2,C2-Sub-1,
TVPPAVPGIT,TVPPAVPGIT,1,Cluster-2,C2-Sub-2,
VFVGNSPSPV,VFVGNSPSPV,1,Cluster-2,C2-Sub-2,
GHGAGGASIITF,GHGAGGASIITF,1,Cluster-2,C2-Sub-1,
AYPPAATPI,AYPPAATPI,1,Cluster-2,C2-Sub-3,
QGFVGLPGA,QGFVGLPGA,0,Cluster-1,Cluster-1,
IWIDTGIHS,IWIDTGIHS,1,Cluster-2,C2-Sub-3,
LWIDTGIHS,LWIDTGIHS,1,Cluster-2,C2-Sub-3,
VTHNVPV,VTHNVPV,1,Cluster-2,C2-Sub-1,
ALVHYAGTVEY,ALVHYAGTVEY,1,Cluster-2,C2-Sub-3,
LGFIAQPQ,LGFIAQPQ,1,Cluster-2,C2-Sub-3,
IWIDTGIH,IWIDTGIH,1,Cluster-2,C2-Sub-3,
LWIDTGIH,LWIDTGIH,1,Cluster-2,C2-Sub-3,
GHGAGGASIITFW,GHGAGGASIITFW,1,Cluster-2,C2-Sub-1,
NGAWTLVGIVS,NGAWTLVGIVS,1,Cluster-2,C2-Sub-3,
TLVGIVSW,TLVGIVSW,1,Cluster-2,C2-Sub-3,
GPPGPPGSSGPQGF,GPPGPPGSSGPQGF,0,Cluster-1,Cluster-1,
TPGPAGPPGP,TPGPAGPPGP,0,Cluster-1,Cluster-1,
VGPPGSSGPAGK,VGPPGSSGPAGK,0,Cluster-1,Cluster-1,
DLSFLPQPPQEKAHDGGRYY,DLSFLPQPPQEKAHDGGRYY,1,Cluster-2,C2-Sub-3,
GYDEKSTGISVPGPMGPSGPR,GYDEKSTGISVPGPMGPSGPR,0,Cluster-1,Cluster-1,
GKEGLRGPRGDQGPVGRS,GKEGLRGPRGDQGPVGRS,0,Cluster-1,Cluster-1,
GGPGERGEQGPPGPA,GGPGERGEQGPPGPA,0,Cluster-1,Cluster-1,
KGAPGADGPAGAPGTPGPQ,KGAPGADGPAGAPGTPGPQ,0,Cluster-1,Cluster-1,
DEKSTGISVPGPMGPSGPR,DEKSTGISVPGPMGPSGPR,0,Cluster-1,Cluster-1,
EGLRGPRGDQGPVGRS,EGLRGPRGDQGPVGRS,1,Cluster-2,C2-Sub-1,
GLRGPRGDQGPV,GLRGPRGDQGPV,0,Cluster-1,Cluster-1,
GARGPAGPQGPR,GARGPAGPQGPR,1,Cluster-2,C2-Sub-1,
GLPGADGRAGVM,GLPGADGRAGVM,1,Cluster-2,C2-Sub-1,
GKEGLRGPRGD,GKEGLRGPRGD,0,Cluster-1,Cluster-1,
GSKGPRGETGPA,GSKGPRGETGPA,0,Cluster-1,Cluster-1,
DGAKGDAGPAGPK,DGAKGDAGPAGPK,0,Cluster-1,Cluster-1,
GADGAPGKDGVRGL,GADGAPGKDGVRGL,0,Cluster-1,Cluster-1,
GKEGLRGPRGDQGPV,GKEGLRGPRGDQGPV,0,Cluster-1,Cluster-1,
GYDEKSTGISVPGPM,GYDEKSTGISVPGPM,1,Cluster-2,C2-Sub-3,
GKEGLRGPR,GKEGLRGPR,1,Cluster-2,C2-Sub-1,
GESGNKGEPGAV,GESGNKGEPGAV,0,Cluster-1,Cluster-1,
GPSGPSGLPGE,GPSGPSGLPGE,0,Cluster-1,Cluster-1,
GKEGLRGPRGDQGPVGR,GKEGLRGPRGDQGPVGR,0,Cluster-1,Cluster-1,
GAPGKDGVRGL,GAPGKDGVRGL,0,Cluster-1,Cluster-1,
SGLDGAKGD,SGLDGAKGD,0,Cluster-1,Cluster-1,
GPSGLPGER,GPSGLPGER,0,Cluster-1,Cluster-1,
RGFSGLDGA,RGFSGLDGA,1,Cluster-2,C2-Sub-1,
GPAGAVGPR,GPAGAVGPR,1,Cluster-2,C2-Sub-1,
PGSPGPALEGPKGSPGPQ,PGSPGPALEGPKGSPGPQ,0,Cluster-1,Cluster-1,
SGDRGETGPAGPS,SGDRGETGPAGPS,0,Cluster-1,Cluster-1,
GEGGPQGPRGS,GEGGPQGPRGS,0,Cluster-1,Cluster-1,
GPAGKDGRIGQPG,GPAGKDGRIGQPG,0,Cluster-1,Cluster-1,
GPAGKNGETGPQ,GPAGKNGETGPQ,0,Cluster-1,Cluster-1,
GETGPQGPPGPTGPSGDKG,GETGPQGPPGPTGPSGDKG,0,Cluster-1,Cluster-1,
GPRGPAGPSGPAGKDGRIGQPG,GPRGPAGPSGPAGKDGRIGQPG,0,Cluster-1,Cluster-1,
GDRGETGPAGPPGAPGAPGAPGPV,GDRGETGPAGPPGAPGAPGAPGPV,0,Cluster-1,Cluster-1,
GSPGKDGLNGLPGPIGPPGPR,GSPGKDGLNGLPGPIGPPGPR,0,Cluster-1,Cluster-1,
ERGFPGLPGPS,ERGFPGLPGPS,0,Cluster-1,Cluster-1,
GPAGPSGPAGKDGRIGQPGAVGPA,GPAGPSGPAGKDGRIGQPGAVGPA,0,Cluster-1,Cluster-1,
GERGFPGLPGPS,GERGFPGLPGPS,0,Cluster-1,Cluster-1,
AVGPAGPRGPAGPS,AVGPAGPRGPAGPS,0,Cluster-1,Cluster-1,
GAAGPTGPIGSR,GAAGPTGPIGSR,0,Cluster-1,Cluster-1,
EGLRGPRGD,EGLRGPRGD,0,Cluster-1,Cluster-1,
GEKGETGLR,GEKGETGLR,1,Cluster-2,C2-Sub-1,
RGFDGRNGE,RGFDGRNGE,1,Cluster-2,C2-Sub-1,
GERGFPGER,GERGFPGER,1,Cluster-2,C2-Sub-1,
GERGEQGAP,GERGEQGAP,1,Cluster-2,C2-Sub-1,
RGFDGRN,RGFDGRN,1,Cluster-2,C2-Sub-1,
NGKPGEPGPK,NGKPGEPGPK,0,Cluster-1,Cluster-1,
GLRGPRGD,GLRGPRGD,0,Cluster-1,Cluster-1,
EGSKGPRGETGPA,EGSKGPRGETGPA,0,Cluster-1,Cluster-1,
GPAGPQGPRGDKGE,GPAGPQGPRGDKGE,0,Cluster-1,Cluster-1,
SGDRGETGPA,SGDRGETGPA,0,Cluster-1,Cluster-1,
SGREGAPGAE,SGREGAPGAE,1,Cluster-2,C2-Sub-1,
AGPKGPAGER,AGPKGPAGER,0,Cluster-1,Cluster-1,
PGRDGAPGAK,PGRDGAPGAK,0,Cluster-1,Cluster-1,
EGLRGPRGDQGPVGR,EGLRGPRGDQGPVGR,1,Cluster-2,C2-Sub-1,
GADGAPGKDGVR,GADGAPGKDGVR,1,Cluster-2,C2-Sub-1,
GEDGRPGPPGPQGAR,GEDGRPGPPGPQGAR,0,Cluster-1,Cluster-1,
GVDGAPGKD,GVDGAPGKD,0,Cluster-1,Cluster-1,
AGPKGADGAPGKDGVR,AGPKGADGAPGKDGVR,0,Cluster-1,Cluster-1,
GKDGRIGQPG,GKDGRIGQPG,0,Cluster-1,Cluster-1,
GDRGETGPAGPS,GDRGETGPAGPS,0,Cluster-1,Cluster-1,
RGETGFQGK,RGETGFQGK,1,Cluster-2,C2-Sub-1,
ERGPPGPA,ERGPPGPA,1,Cluster-2,C2-Sub-1,
GEGGPQGPR,GEGGPQGPR,1,Cluster-2,C2-Sub-1,
GPKGAPGE,GPKGAPGE,0,Cluster-1,Cluster-1,
DGAPGKDGVRGL,DGAPGKDGVRGL,0,Cluster-1,Cluster-1,
GEGGPQGPRGSEGPQ,GEGGPQGPRGSEGPQ,0,Cluster-1,Cluster-1,
GARGPEGPQ,GARGPEGPQ,0,Cluster-1,Cluster-1,
GDRGETGPAGPA,GDRGETGPAGPA,0,Cluster-1,Cluster-1,
RGPSGPPGPD,RGPSGPPGPD,0,Cluster-1,Cluster-1,
DAGPAGPK,DAGPAGPK,1,Cluster-2,C2-Sub-1,
GEGGPQGPRGSEGPQGVR,GEGGPQGPRGSEGPQGVR,1,Cluster-2,C2-Sub-1,
GEKGAPGADGPA,GEKGAPGADGPA,0,Cluster-1,Cluster-1,
RGTKGPKGENGPVGPT,RGTKGPKGENGPVGPT,0,Cluster-1,Cluster-1,
SGDRGETGPAGPA,SGDRGETGPAGPA,0,Cluster-1,Cluster-1,
PGSDGLPGRDGAPGAK,PGSDGLPGRDGAPGAK,0,Cluster-1,Cluster-1,
RGPAGPQGPR,RGPAGPQGPR,1,Cluster-2,C2-Sub-1,
AGPKGPAGE,AGPKGPAGE,0,Cluster-1,Cluster-1,
GDAGPAGPK,GDAGPAGPK,0,Cluster-1,Cluster-1,
GDQGPVGRS,GDQGPVGRS,0,Cluster-1,Cluster-1,
GEPGRDGLPGGPGLR,GEPGRDGLPGGPGLR,0,Cluster-1,Cluster-1,
GSEGPQGVR,GSEGPQGVR,1,Cluster-2,C2-Sub-1,
DGRIGQPG,DGRIGQPG,0,Cluster-1,Cluster-1,
EGPPGPEGPA,EGPPGPEGPA,0,Cluster-1,Cluster-1,
GEPGKQGPSGA,GEPGKQGPSGA,0,Cluster-1,Cluster-1,
GKRGSTGEIGPA,GKRGSTGEIGPA,0,Cluster-1,Cluster-1,
GPRGPAGPSGPAGKD,GPRGPAGPSGPAGKD,0,Cluster-1,Cluster-1,
RGETGPAGPS,RGETGPAGPS,0,Cluster-1,Cluster-1,
GPRGLPGE,GPRGLPGE,0,Cluster-1,Cluster-1,
GERGGPGGPGPQ,GERGGPGGPGPQ,1,Cluster-2,C2-Sub-1,
GPAGPQGPRGD,GPAGPQGPRGD,0,Cluster-1,Cluster-1,
GSPGKDGLN,GSPGKDGLN,0,Cluster-1,Cluster-1,
PGADGQPGAK,PGADGQPGAK,0,Cluster-1,Cluster-1,
RGAPGPAGPK,RGAPGPAGPK,0,Cluster-1,Cluster-1,
RGRPGAPGPA,RGRPGAPGPA,1,Cluster-2,C2-Sub-1,
RGERGFPGLP,RGERGFPGLP,0,Cluster-1,Cluster-1,
GLPGADGR,GLPGADGR,0,Cluster-1,Cluster-1,
GNPGADGQPGAK,GNPGADGQPGAK,0,Cluster-1,Cluster-1,
GPSGPAGKDGRIGQPG,GPSGPAGKDGRIGQPG,0,Cluster-1,Cluster-1,
GSRGDGGPPGAT,GSRGDGGPPGAT,0,Cluster-1,Cluster-1,
KGAPGADGPA,KGAPGADGPA,0,Cluster-1,Cluster-1,
RGFSGLDGAK,RGFSGLDGAK,1,Cluster-2,C2-Sub-1,
ADGVAGPK,ADGVAGPK,1,Cluster-2,C2-Sub-1,
GPAGSPGERGPA,GPAGSPGERGPA,0,Cluster-1,Cluster-1,
GPSGPQGIRGD,GPSGPQGIRGD,0,Cluster-1,Cluster-1,
GSPGPAGLKGERGAPGETGAP,GSPGPAGLKGERGAPGETGAP,0,Cluster-1,Cluster-1,
RDATGPAGAP,RDATGPAGAP,1,Cluster-2,C2-Sub-1,
RGFSGLDGAKG,RGFSGLDGAKG,0,Cluster-1,Cluster-1,
GPSGPSGLPGER,GPSGPSGLPGER,0,Cluster-1,Cluster-1,
GPVGPSGPPGKD,GPVGPSGPPGKD,0,Cluster-1,Cluster-1,
GGPQGPRGS,GGPQGPRGS,1,Cluster-2,C2-Sub-1,
KAHDGGRYY,KAHDGGRYY,1,Cluster-2,C2-Sub-3,
KSGDRGETGPAGPAGPIGPV,KSGDRGETGPAGPAGPIGPV,0,Cluster-1,Cluster-1,
GPSGPPGPD,GPSGPPGPD,0,Cluster-1,Cluster-1,
AGPPGADGQPGAK,AGPPGADGQPGAK,0,Cluster-1,Cluster-1,
GKSGDRGETGPAGPAGPIGPV,GKSGDRGETGPAGPAGPIGPV,0,Cluster-1,Cluster-1,
RGSDGSVGPV,RGSDGSVGPV,1,Cluster-2,C2-Sub-1,
GPAGPSGPAGKDGRIGQPG,GPAGPSGPAGKDGRIGQPG,0,Cluster-1,Cluster-1,
PGADGVAGPK,PGADGVAGPK,0,Cluster-1,Cluster-1,
TGPQGPPGPTGPSGDKG,TGPQGPPGPTGPSGDKG,0,Cluster-1,Cluster-1,
GKDGRIGQPGAVGPA,GKDGRIGQPGAVGPA,0,Cluster-1,Cluster-1,
GKNGETGPQGPPGPTGPS,GKNGETGPQGPPGPTGPS,0,Cluster-1,Cluster-1,
GPAGKDGRIGQPGAV,GPAGKDGRIGQPGAV,0,Cluster-1,Cluster-1,
GPAGLPGKDGPPGLR,GPAGLPGKDGPPGLR,0,Cluster-1,Cluster-1,
GEKGAPGADGPAGAPGTPGPQ,GEKGAPGADGPAGAPGTPGPQ,0,Cluster-1,Cluster-1,
GVAGPKGPAGE,GVAGPKGPAGE,0,Cluster-1,Cluster-1,
PGPAGPSGESRPGSPGPPGSP,PGPAGPSGESRPGSPGPPGSP,0,Cluster-1,Cluster-1,
RGGPGGPGPQ,RGGPGGPGPQ,1,Cluster-2,C2-Sub-1,
RGVQGPPGPAGPR,RGVQGPPGPAGPR,0,Cluster-1,Cluster-1,
GDGGPPGA,GDGGPPGA,1,Cluster-2,C2-Sub-1,
GPRGPAGPS,GPRGPAGPS,1,Cluster-2,C2-Sub-1,
DLSFLPQPPQEK,DLSFLPQPPQEK,1,Cluster-2,C2-Sub-3,
GPAGPQGPR,GPAGPQGPR,1,Cluster-2,C2-Sub-1,
GPPGLAGPPGESGR,GPPGLAGPPGESGR,0,Cluster-1,Cluster-1,
GPSGLPGERGAA,GPSGLPGERGAA,0,Cluster-1,Cluster-1,
GPSGPAGKDGRIGQPGAV,GPSGPAGKDGRIGQPGAV,0,Cluster-1,Cluster-1,
PSGPGPAGRP,PSGPGPAGRP,1,Cluster-2,C2-Sub-1,
GPRGPAGPSGPAGKDGRIGQPGAVGPA,GPRGPAGPSGPAGKDGRIGQPGAVGPA,0,Cluster-1,Cluster-1,
GRPGPIGPAGAR,GRPGPIGPAGAR,0,Cluster-1,Cluster-1,
GPAGKNGETGPQGPPGPTGPS,GPAGKNGETGPQGPPGPTGPS,0,Cluster-1,Cluster-1,
GPPGPTGPSGD,GPPGPTGPSGD,0,Cluster-1,Cluster-1,
GSPGKDGLNGL,GSPGKDGLNGL,0,Cluster-1,Cluster-1,
DRGETGPAGPAGPIGPV,DRGETGPAGPAGPIGPV,0,Cluster-1,Cluster-1,
GPSGPQGPSGPPGPK,GPSGPQGPSGPPGPK,0,Cluster-1,Cluster-1,
GARGPAGPQ,GARGPAGPQ,0,Cluster-1,Cluster-1,
GDRGETGPAGPAGPIGPV,GDRGETGPAGPAGPIGPV,0,Cluster-1,Cluster-1,
GPAGKDGRIGQPGAVGPA,GPAGKDGRIGQPGAVGPA,0,Cluster-1,Cluster-1,
GPAGNPGAD,GPAGNPGAD,0,Cluster-1,Cluster-1,
RGSDGSVGPVGPA,RGSDGSVGPVGPA,0,Cluster-1,Cluster-1,
SGDRGETGPAGPAGPIGPV,SGDRGETGPAGPAGPIGPV,0,Cluster-1,Cluster-1,
ERGVPGPPGAV,ERGVPGPPGAV,1,Cluster-2,C2-Sub-1,
GDGGPPGAT,GDGGPPGAT,1,Cluster-2,C2-Sub-1,
GPAGTPGPE,GPAGTPGPE,0,Cluster-1,Cluster-1,
RGHNGLDGL,RGHNGLDGL,0,Cluster-1,Cluster-1,
GDAGPPGPA,GDAGPPGPA,0,Cluster-1,Cluster-1,
GPSGPAGKDGRIGQPGAVGPA,GPSGPAGKDGRIGQPGAVGPA,0,Cluster-1,Cluster-1,
PGADGRAGVM,PGADGRAGVM,1,Cluster-2,C2-Sub-1,
GERGFPGL,GERGFPGL,1,Cluster-2,C2-Sub-1,
GERGVPGPPGAV,GERGVPGPPGAV,1,Cluster-2,C2-Sub-1,
GPAGPSGPAGK,GPAGPSGPAGK,0,Cluster-1,Cluster-1,
GETGPQGPPGPT,GETGPQGPPGPT,0,Cluster-1,Cluster-1,
GPRGPVGPS,GPRGPVGPS,1,Cluster-2,C2-Sub-1,
PGPAGPAGPR,PGPAGPAGPR,1,Cluster-2,C2-Sub-1,
SGPAGPRGPPGSA,SGPAGPRGPPGSA,0,Cluster-1,Cluster-1,
VGPRGPSGPQ,VGPRGPSGPQ,0,Cluster-1,Cluster-1,
GERGFPGLP,GERGFPGLP,0,Cluster-1,Cluster-1,
GPRGPAGPSGPA,GPRGPAGPSGPA,0,Cluster-1,Cluster-1,
GPSGPQGIR,GPSGPQGIR,0,Cluster-1,Cluster-1,
GAVGPRGPSGPQGIR,GAVGPRGPSGPQGIR,0,Cluster-1,Cluster-1,
GETGPQGPPGPTGPS,GETGPQGPPGPTGPS,0,Cluster-1,Cluster-1,
GPAGLPGVPGRD,GPAGLPGVPGRD,0,Cluster-1,Cluster-1,
GPAGPTGAR,GPAGPTGAR,1,Cluster-2,C2-Sub-1,
GPPGAPGRSGPAGPEGLPGSP,GPPGAPGRSGPAGPEGLPGSP,0,Cluster-1,Cluster-1,
GDRGETGPAGPPGAPGAPGAPGPVGPA,GDRGETGPAGPPGAPGAPGAPGPVGPA,0,Cluster-1,Cluster-1,
IDGRPGPIGPA,IDGRPGPIGPA,0,Cluster-1,Cluster-1,
GIDGRPGPIGPA,GIDGRPGPIGPA,0,Cluster-1,Cluster-1,
TGPIGSR,TGPIGSR,0,Cluster-1,Cluster-1,
ASGPAGPRGPPGSA,ASGPAGPRGPPGSA,0,Cluster-1,Cluster-1,
DGRIGQPGAVGPA,DGRIGQPGAVGPA,0,Cluster-1,Cluster-1,
FGFDGDFYRAD,FGFDGDFYRAD,1,Cluster-2,C2-Sub-3,
MGPRGPPGAS,MGPRGPPGAS,0,Cluster-1,Cluster-1,
QRPAPSPSGI,QRPAPSPSGI,1,Cluster-2,C2-Sub-2,
GASGPAGPRGPPGSA,GASGPAGPRGPPGSA,0,Cluster-1,Cluster-1,
GENGPVGPT,GENGPVGPT,0,Cluster-1,Cluster-1,
VGAPGPK,VGAPGPK,0,Cluster-1,Cluster-1,
GERGVPGPPGAVGPA,GERGVPGPPGAVGPA,0,Cluster-1,Cluster-1,
GPPGPPGLR,GPPGPPGLR,0,Cluster-1,Cluster-1,
GQRGVVGLPGQR,GQRGVVGLPGQR,1,Cluster-2,C2-Sub-1,
GVVGLPGQRGE,GVVGLPGQRGE,1,Cluster-2,C2-Sub-1,
GAVGPRGPSGPQ,GAVGPRGPSGPQ,0,Cluster-1,Cluster-1,
GPAGPRGPAGPSGPA,GPAGPRGPAGPSGPA,0,Cluster-1,Cluster-1,
GPTGPIGSR,GPTGPIGSR,0,Cluster-1,Cluster-1,
RGVQGPPGPA,RGVQGPPGPA,0,Cluster-1,Cluster-1,
AGLEGPPGKTGPIGPQ,AGLEGPPGKTGPIGPQ,0,Cluster-1,Cluster-1,
AAGPASPGPAGPR,AAGPASPGPAGPR,1,Cluster-2,C2-Sub-1,
GETGASGPPGFVGE,GETGASGPPGFVGE,1,Cluster-2,C2-Sub-1,
ADGPAGAPGTPGPQ,ADGPAGAPGTPGPQ,0,Cluster-1,Cluster-1,
PGRGPAGL,PGRGPAGL,1,Cluster-2,C2-Sub-1,
AGPAGPAGPAGPR,AGPAGPAGPAGPR,0,Cluster-1,Cluster-1,
GFPGADGVAGPK,GFPGADGVAGPK,0,Cluster-1,Cluster-1,
GRPGPIGPA,GRPGPIGPA,0,Cluster-1,Cluster-1,
RGETGPAGPAGPIGPV,RGETGPAGPAGPIGPV,1,Cluster-2,C2-Sub-3,
GPSGPQGPSGPP,GPSGPQGPSGPP,0,Cluster-1,Cluster-1,
GSDGSVGPV,GSDGSVGPV,1,Cluster-2,C2-Sub-1,
SDGSVGPV,SDGSVGPV,1,Cluster-2,C2-Sub-1,
SVPGPMGPSGPR,SVPGPMGPSGPR,1,Cluster-2,C2-Sub-1,
AGPTGPIGSR,AGPTGPIGSR,0,Cluster-1,Cluster-1,
AVGPAGPR,AVGPAGPR,1,Cluster-2,C2-Sub-1,
GPRGLPGPPGAPGPQ,GPRGLPGPPGAPGPQ,0,Cluster-1,Cluster-1,
RGETGPAGPPGAPGAPGAPGPVGPA,RGETGPAGPPGAPGAPGAPGPVGPA,0,Cluster-1,Cluster-1,
VGPAGPRGPAGPS,VGPAGPRGPAGPS,0,Cluster-1,Cluster-1,
AHDGGRYY,AHDGGRYY,1,Cluster-2,C2-Sub-3,
DLSFLPQPPQE,DLSFLPQPPQE,1,Cluster-2,C2-Sub-3,
GAPGADGPAGAPGTPGPQ,GAPGADGPAGAPGTPGPQ,0,Cluster-1,Cluster-1,
GPPGPQGATGPLGPK,GPPGPQGATGPLGPK,0,Cluster-1,Cluster-1,
SGAAGPTGPIGSR,SGAAGPTGPIGSR,0,Cluster-1,Cluster-1,
SGAAGPTGPIGSRG,SGAAGPTGPIGSRG,0,Cluster-1,Cluster-1,
GDQGAPGAVGPA,GDQGAPGAVGPA,0,Cluster-1,Cluster-1,
AAGPTGPIGSR,AAGPTGPIGSR,0,Cluster-1,Cluster-1,
GSDGSVGPVGPA,GSDGSVGPVGPA,0,Cluster-1,Cluster-1,
SDGSVGPVGPA,SDGSVGPVGPA,0,Cluster-1,Cluster-1,
TGFPGPK,TGFPGPK,0,Cluster-1,Cluster-1,
GPSGPNGPPGPA,GPSGPNGPPGPA,0,Cluster-1,Cluster-1,
RGFPGNPGAPGSPGPA,RGFPGNPGAPGSPGPA,0,Cluster-1,Cluster-1,
GPPGPTGPS,GPPGPTGPS,0,Cluster-1,Cluster-1,
GPPGTPGSP,GPPGTPGSP,0,Cluster-1,Cluster-1,
GPPGTPGSPG,GPPGTPGSPG,0,Cluster-1,Cluster-1,
PGAKGANGAPGI,PGAKGANGAPGI,0,Cluster-1,Cluster-1,
DGSVGPVGPA,DGSVGPVGPA,1,Cluster-2,C2-Sub-1,
GHHGDQGAPGAV,GHHGDQGAPGAV,0,Cluster-1,Cluster-1,
SGPPGPPGPA,SGPPGPPGPA,0,Cluster-1,Cluster-1,
TGPQGPPGPTGPS,TGPQGPPGPTGPS,0,Cluster-1,Cluster-1,
GPPGPIGNVGAPGPK,GPPGPIGNVGAPGPK,0,Cluster-1,Cluster-1,
TAGPSGPS,TAGPSGPS,1,Cluster-2,C2-Sub-1,
GHHGDQGAPGAVGPA,GHHGDQGAPGAVGPA,0,Cluster-1,Cluster-1,
GSPGPQGPPGSIGPQ,GSPGPQGPPGSIGPQ,0,Cluster-1,Cluster-1,
RGVPGPPGAV,RGVPGPPGAV,1,Cluster-2,C2-Sub-1,
FAGPPGAD,FAGPPGAD,1,Cluster-2,C2-Sub-1,
GPAGPPGPIGNVGAPGPK,GPAGPPGPIGNVGAPGPK,0,Cluster-1,Cluster-1,
HHGDQGAPGAVGPA,HHGDQGAPGAVGPA,0,Cluster-1,Cluster-1,
KGAQGPQGPVGAPGL,KGAQGPQGPVGAPGL,0,Cluster-1,Cluster-1,
TGPQGPPGPT,TGPQGPPGPT,0,Cluster-1,Cluster-1,
GLPGGPGLR,GLPGGPGLR,1,Cluster-2,C2-Sub-1,
GPSGPAGPT,GPSGPAGPT,0,Cluster-1,Cluster-1,
LGPVGNPGPAGPAGPR,LGPVGNPGPAGPAGPR,0,Cluster-1,Cluster-1,
PGAPGSPGPA,PGAPGSPGPA,0,Cluster-1,Cluster-1,
SFLPQPPQE,SFLPQPPQE,1,Cluster-2,C2-Sub-3,
STGISVPGPMGPSGPR,STGISVPGPMGPSGPR,0,Cluster-1,Cluster-1,
GAPGTPGPQ,GAPGTPGPQ,0,Cluster-1,Cluster-1,
RGVPGPPGAVGPA,RGVPGPPGAVGPA,0,Cluster-1,Cluster-1,
SGPPGFVGE,SGPPGFVGE,0,Cluster-1,Cluster-1,
GPQGPPGSIGPQ,GPQGPPGSIGPQ,0,Cluster-1,Cluster-1,
GRIGQPGAVGPA,GRIGQPGAVGPA,0,Cluster-1,Cluster-1,
TGISVPGPMGPSGPR,TGISVPGPMGPSGPR,0,Cluster-1,Cluster-1,
TGPAGPS,TGPAGPS,0,Cluster-1,Cluster-1,
GPAGAPGTPGPQ,GPAGAPGTPGPQ,0,Cluster-1,Cluster-1,
PGTPGSPGPAGAAGNPGT,PGTPGSPGPAGAAGNPGT,0,Cluster-1,Cluster-1,
RGFPGLPGPS,RGFPGLPGPS,0,Cluster-1,Cluster-1,
RIGQPGAVGPA,RIGQPGAVGPA,1,Cluster-2,C2-Sub-1,
AGPSGPAGPT,AGPSGPAGPT,0,Cluster-1,Cluster-1,
GETGPAGPAGPIGPV,GETGPAGPAGPIGPV,0,Cluster-1,Cluster-1,
GHNGLDGL,GHNGLDGL,0,Cluster-1,Cluster-1,
GPAGPIGPVGAR,GPAGPIGPVGAR,0,Cluster-1,Cluster-1,
GPPGAEGLPGSPGF,GPPGAEGLPGSPGF,0,Cluster-1,Cluster-1,
PGSGPAPGPGPGPSPL,PGSGPAPGPGPGPSPL,1,Cluster-2,C2-Sub-1,
ASGPPGFVGE,ASGPPGFVGE,1,Cluster-2,C2-Sub-1,
ETGPAGPAGPIGPV,ETGPAGPAGPIGPV,0,Cluster-1,Cluster-1,
GQRGVVGLPGQ,GQRGVVGLPGQ,1,Cluster-2,C2-Sub-1,
GYDLSFLPQPPQE,GYDLSFLPQPPQE,1,Cluster-2,C2-Sub-3,
HNGLDGL,HNGLDGL,1,Cluster-2,C2-Sub-3,
KSTGISVPGPM,KSTGISVPGPM,1,Cluster-2,C2-Sub-2,
TGASGPPGFVGE,TGASGPPGFVGE,0,Cluster-1,Cluster-1,
AGPPGPTGPA,AGPPGPTGPA,0,Cluster-1,Cluster-1,
NGSPGAPGAPGHPGPPGPVGPA,NGSPGAPGAPGHPGPPGPVGPA,0,Cluster-1,Cluster-1,
TGPAGPAGPIGPVGAR,TGPAGPAGPIGPVGAR,0,Cluster-1,Cluster-1,
GIPGPPGAPGSPG,GIPGPPGAPGSPG,0,Cluster-1,Cluster-1,
GSPGPQGPPGSIGPQGL,GSPGPQGPPGSIGPQGL,0,Cluster-1,Cluster-1,
SVGPLPKSLVDL,SVGPLPKSLVDL,1,Cluster-2,C2-Sub-3,
PGLIGAR,PGLIGAR,1,Cluster-2,C2-Sub-1,
GLPGPPGAPGPQ,GLPGPPGAPGPQ,0,Cluster-1,Cluster-1,
GPGPSPGPI,GPGPSPGPI,1,Cluster-2,C2-Sub-1,
GPGPSPGPL,GPGPSPGPL,1,Cluster-2,C2-Sub-1,
GPPGSPGLP,GPPGSPGLP,0,Cluster-1,Cluster-1,
GHRGFSGL,GHRGFSGL,1,Cluster-2,C2-Sub-1,
GLTGARGL,GLTGARGL,1,Cluster-2,C2-Sub-1,
GPAGPPGPIGN,GPAGPPGPIGN,0,Cluster-1,Cluster-1,
GPPGAPGAPGAPGPVGPA,GPPGAPGAPGAPGPVGPA,0,Cluster-1,Cluster-1,
RGFPGLP,RGFPGLP,1,Cluster-2,C2-Sub-1,
GVQGPPGPA,GVQGPPGPA,0,Cluster-1,Cluster-1,
TGPAGAP,TGPAGAP,0,Cluster-1,Cluster-1,
TGPAGPPGAPGAPGAPGPVGPA,TGPAGPPGAPGAPGAPGPVGPA,0,Cluster-1,Cluster-1,
HRGFSGL,HRGFSGL,1,Cluster-2,C2-Sub-1,
GAPGPPGLPGPAG,GAPGPPGLPGPAG,0,Cluster-1,Cluster-1,
GSPGPAGPI,GSPGPAGPI,0,Cluster-1,Cluster-1,
PGSPGPAGL,PGSPGPAGL,0,Cluster-1,Cluster-1,
SGAAGPTGPIGS,SGAAGPTGPIGS,0,Cluster-1,Cluster-1,
GIQGPPGPA,GIQGPPGPA,0,Cluster-1,Cluster-1,
GPAGPPGLPG,GPAGPPGLPG,0,Cluster-1,Cluster-1,
GPAGPPGPIG,GPAGPPGPIG,0,Cluster-1,Cluster-1,
GQIGPPGAP,GQIGPPGAP,0,Cluster-1,Cluster-1,
DLSFLPQPPQ,DLSFLPQPPQ,1,Cluster-2,C2-Sub-3,
GPTGPIGS,GPTGPIGS,0,Cluster-1,Cluster-1,
LSFLPQPPQE,LSFLPQPPQE,1,Cluster-2,C2-Sub-3,
PGAPGPVGPA,PGAPGPVGPA,0,Cluster-1,Cluster-1,
VGPGPSPGPLN,VGPGPSPGPLN,1,Cluster-2,C2-Sub-1,
GAAGPTGPIGS,GAAGPTGPIGS,0,Cluster-1,Cluster-1,
GPPGAPGPL,GPPGAPGPL,0,Cluster-1,Cluster-1,
VGPAGPN,VGPAGPN,0,Cluster-1,Cluster-1,
AGPTGPIGS,AGPTGPIGS,0,Cluster-1,Cluster-1,
TGPIGPPGPA,TGPIGPPGPA,0,Cluster-1,Cluster-1,
GAPGPVGPA,GAPGPVGPA,0,Cluster-1,Cluster-1,
GIPGAPGLIGAR,GIPGAPGLIGAR,0,Cluster-1,Cluster-1,
GPAGPPGPIGNVG,GPAGPPGPIGNVG,0,Cluster-1,Cluster-1,
AAGPTGPIGS,AAGPTGPIGS,0,Cluster-1,Cluster-1,
GPPGPAGI,GPPGPAGI,0,Cluster-1,Cluster-1,
QPGAVGPA,QPGAVGPA,1,Cluster-2,C2-Sub-1,
APGGPYGPPAG,APGGPYGPPAG,1,Cluster-2,C2-Sub-1,
GPAGPPGFPG,GPAGPPGFPG,0,Cluster-1,Cluster-1,
GPAGPPGPIGNV,GPAGPPGPIGNV,0,Cluster-1,Cluster-1,
GPYGPPGAPGIGQQ,GPYGPPGAPGIGQQ,0,Cluster-1,Cluster-1,
GQPQGLLGPQ,GQPQGLLGPQ,1,Cluster-2,C2-Sub-1,
AGPPGPTGPAGPPGFPGAV,AGPPGPTGPAGPPGFPGAV,0,Cluster-1,Cluster-1,
NGPVGPTGPVGA,NGPVGPTGPVGA,0,Cluster-1,Cluster-1,
GPAGPPGFPGA,GPAGPPGFPGA,0,Cluster-1,Cluster-1,
GPLGGAAPGTPGLAGGP,GPLGGAAPGTPGLAGGP,1,Cluster-2,C2-Sub-1,
NGPVGPTGPV,NGPVGPTGPV,0,Cluster-1,Cluster-1,
NGPVGPTGPVGAA,NGPVGPTGPVGAA,0,Cluster-1,Cluster-1,
TGPAGPAGPI,TGPAGPAGPI,0,Cluster-1,Cluster-1,
GPYGPSGLPGAPG,GPYGPSGLPGAPG,0,Cluster-1,Cluster-1,
GSPGLPGPV,GSPGLPGPV,0,Cluster-1,Cluster-1,
GVPGPPGAVGPA,GVPGPPGAVGPA,0,Cluster-1,Cluster-1,
TKLPSGLPVSL,TKLPSGLPVSL,1,Cluster-2,C2-Sub-2,
VIQPLPIQASRT,VIQPLPIQASRT,1,Cluster-2,C2-Sub-3,
GPVGPTGPVGA,GPVGPTGPVGA,0,Cluster-1,Cluster-1,
TGPAGPAGPIGPV,TGPAGPAGPIGPV,0,Cluster-1,Cluster-1,
GPNGFAGPA,GPNGFAGPA,0,Cluster-1,Cluster-1,
GPVGPTGPVGAA,GPVGPTGPVGAA,0,Cluster-1,Cluster-1,
GPPGPAGF,GPPGPAGF,0,Cluster-1,Cluster-1,
GPVGPTGPV,GPVGPTGPV,0,Cluster-1,Cluster-1,
GPAGPIGPVGA,GPAGPIGPVGA,0,Cluster-1,Cluster-1,
PAGPAGPIGPV,PAGPAGPIGPV,0,Cluster-1,Cluster-1,
PQGPTGF,PQGPTGF,1,Cluster-2,C2-Sub-1,
VGPAGPNGFAGPA,VGPAGPNGFAGPA,0,Cluster-1,Cluster-1,
GPAGPPGFPGAV,GPAGPPGFPGAV,0,Cluster-1,Cluster-1,
AGPAGPIGPV,AGPAGPIGPV,0,Cluster-1,Cluster-1,
VGPTGPVGA,VGPTGPVGA,0,Cluster-1,Cluster-1,
GFPGLPGPS,GFPGLPGPS,0,Cluster-1,Cluster-1,
STGISVPGPM,STGISVPGPM,1,Cluster-2,C2-Sub-2,
KLPSGLPVSLL,KLPSGLPVSLL,1,Cluster-2,C2-Sub-3,
TKLPSGLPVSLL,TKLPSGLPVSLL,1,Cluster-2,C2-Sub-3,
VGPAGPNGFA,VGPAGPNGFA,0,Cluster-1,Cluster-1,
VGPVGPA,VGPVGPA,1,Cluster-2,C2-Sub-1,
GIPGAPGLIGA,GIPGAPGLIGA,0,Cluster-1,Cluster-1,
GLPGAPGLL,GLPGAPGLL,0,Cluster-1,Cluster-1,
GLPGVPGF,GLPGVPGF,0,Cluster-1,Cluster-1,
RGPPGAGGPPGPR,RGPPGAGGPPGPR,1,Cluster-2,C2-Sub-1,
GPPGPAGPR,GPPGPAGPR,1,Cluster-2,C2-Sub-1,
RGPPGPMGPPGLAGPPGE,RGPPGPMGPPGLAGPPGE,0,Cluster-1,Cluster-1,
GVQGPPGPAGPR,GVQGPPGPAGPR,0,Cluster-1,Cluster-1,
GPPGLAGPPGE,GPPGLAGPPGE,0,Cluster-1,Cluster-1,
AQGPPGPA,AQGPPGPA,0,Cluster-1,Cluster-1,
AGPPGPTGPAGPPGFPG,AGPPGPTGPAGPPGFPG,0,Cluster-1,Cluster-1,
GPAGPPGIPG,GPAGPPGIPG,0,Cluster-1,Cluster-1,
GPPGLAGPPG,GPPGLAGPPG,0,Cluster-1,Cluster-1,
GPAGPPGPI,GPAGPPGPI,0,Cluster-1,Cluster-1,
GPPGPAGL,GPPGPAGL,0,Cluster-1,Cluster-1,
ECTNSKDCFEAQ,ECTNSKDCFEAQ,1,Cluster-2,C2-Sub-3,
ECENSKDCFEAQ,ECENSKDCFEAQ,1,Cluster-2,C2-Sub-3,
EVTGSNNEVTGNDN,EVTGSNNEVTGNDN,1,Cluster-2,C2-Sub-3,
EVEGSNNEVEGNDN,EVEGSNNEVEGNDN,1,Cluster-2,C2-Sub-3,
EVEASTNCYKAT,EVEASTNCYKAT,1,Cluster-2,C2-Sub-3,6.83527245
ECEDSTNCYKAT,ECEDSTNCYKAT,1,Cluster-2,C2-Sub-3,1.73520597
ECEDSGNCYKAT,ECEDSGNCYKAT,1,Cluster-2,C2-Sub-3,7.408696824
ECEASTNCYKAT,ECEASTNCYKAT,1,Cluster-2,C2-Sub-3,
EVEADSTNCYKAT,EVEADSTNCYKAT,1,Cluster-2,C2-Sub-3,7.536723418
AGPSESEAGPS,AGPSESEAGPS,1,Cluster-2,C2-Sub-1,
AGPSEPEAGPS,AGPSEPEAGPS,1,Cluster-2,C2-Sub-1,
AVDAGEGEDELIIGGDVSG,AVDAGEGEDELIIGGDVSG,1,Cluster-2,C2-Sub-1,3.2334
DGAPGKDGIR,DGAPGKDGIR,0,Cluster-1,Cluster-1,
GDQVRGPA,GDQVRGPA,1,Cluster-2,C2-Sub-1,
PGVDQGPQ,PGVDQGPQ,1,Cluster-2,C2-Sub-1,
GFAGPPGSDGQ,GFAGPPGSDGQ,0,Cluster-1,Cluster-1,
PGVQGTKP,PGVQGTKP,1,Cluster-2,C2-Sub-3,
DLAGKDLQ,DLAGKDLQ,1,Cluster-2,C2-Sub-3,
GFAGDDAPRA,GFAGDDAPRA,1,Cluster-2,C2-Sub-1,
GFAGPPGS,GFAGPPGS,0,Cluster-1,Cluster-1,
EADDAEAF,EADDAEAF,1,Cluster-2,C2-Sub-3,
ERERLEAQ,ERERLEAQ,1,Cluster-2,C2-Sub-3,
GFSGLDGAKGD,GFSGLDGAKGD,0,Cluster-1,Cluster-1,
PTCTGPGA,PTCTGPGA,1,Cluster-2,C2-Sub-1,
EGPRAGGAPG,EGPRAGGAPG,1,Cluster-2,C2-Sub-1,22.75099951
GDAGPSGPAGPTG,GDAGPSGPAGPTG,0,Cluster-1,Cluster-1,14.3672791
GEAGPAGPAG,GEAGPAGPAG,0,Cluster-1,Cluster-1,14.51349894
GAIGPAGPLGP,GAIGPAGPLGP,0,Cluster-1,Cluster-1,12.669916
GERGFPGERGSPGAQGLQGPR,GERGFPGERGSPGAQGLQGPR,0,Cluster-1,Cluster-1,10.8249854
TTSPTNVSTT,TTSPTNVSTT,0,Cluster-1,Cluster-1,14.5263016
GLLGPLGPRGLL,GLLGPLGPRGLL,0,Cluster-1,Cluster-1,16.52082117
VGPAGPSGPSGPQ,VGPAGPSGPSGPQ,0,Cluster-1,Cluster-1,14.9609182
RGSPGERGESGPAGPSG,RGSPGERGESGPAGPSG,0,Cluster-1,Cluster-1,15.10713804
VGPAGPSGPSGPQG,VGPAGPSGPSGPQG,0,Cluster-1,Cluster-1,12.69417367
DVRGAEGSAGL,DVRGAEGSAGL,1,Cluster-2,C2-Sub-1,14.83154396
KAADSFNHKAFFAKVG,KAADSFNHKAFFAKVG,1,Cluster-2,C2-Sub-3,13.98252549
KDGTPGQFGPGAGGKGNH,KDGTPGQFGPGAGGKGNH,1,Cluster-2,C2-Sub-3,11.56888729
DTASDAAAAAAL,DTASDAAAAAAL,0,Cluster-1,Cluster-1,10.15183505
CTRSTNCYKAKTA,CTRSTNCYKAKTA,1,Cluster-2,C2-Sub-3,14.13683123
QRSNFHPLAASFIVRCAFEHSRRFT,QRSNFHPLAASFIVRCAFEHSRRFT,1,Cluster-2,C2-Sub-3,12.71910516
DGTLDVA,DGTLDVA,1,Cluster-2,C2-Sub-3,15.70886303
STSTATATGR,STSTATATGR,1,Cluster-2,C2-Sub-2,14.86119222
GATARSTST,GATARSTST,1,Cluster-2,C2-Sub-2,14.43803064
RGTATTTATGT,RGTATTTATGT,1,Cluster-2,C2-Sub-2,14.58425048
RATGSATTS,RATGSATTS,1,Cluster-2,C2-Sub-2,12.0291092
PTQTQTITGPG,PTQTQTITGPG,1,Cluster-2,C2-Sub-2,11.74879835
RNTATTTVTAS,RNTATTTVTAS,1,Cluster-2,C2-Sub-2,13.31746103
TCTNSKDCFEANTCTDSTNCYKAT,TCTNSKDCFEANTCTDSTNCYKAT,1,Cluster-2,C2-Sub-3,14.17456538
AVDAGTGNDELIIGGDVSG,AVDAGTGNDELIIGGDVSG,0,Cluster-1,Cluster-1,9.060239881
TCTDSTNCYKAT,TCTDSTNCYKAT,1,Cluster-2,C2-Sub-3,9.632990432
TVTGSNNTVTGNDN,TVTGSNNTVTGNDN,0,Cluster-1,Cluster-1,13.33363281
SGAATRTTST,SGAATRTTST,1,Cluster-2,C2-Sub-2,14.76011859
KSTLTNCYVDKSEVFG,KSTLTNCYVDKSEVFG,1,Cluster-2,C2-Sub-3,12.77368492
KAGISSVPD,KAGISSVPD,1,Cluster-2,C2-Sub-3,13.20425857
TSSVSVPTD,TSSVSVPTD,1,Cluster-2,C2-Sub-2,15.76748574
YSCRAVGV,YSCRAVGV,1,Cluster-2,C2-Sub-1,12.78581375
AAATAKAAAE,AAATAKAAAE,1,Cluster-2,C2-Sub-3,11.22658461
STSTGSRISGPGCKIST,STSTGSRISGPGCKIST,1,Cluster-2,C2-Sub-2,11.79933516
TCHAKAT,TCHAKAT,1,Cluster-2,C2-Sub-3,13.22514712
RAVTDIQ,RAVTDIQ,1,Cluster-2,C2-Sub-3,13.94007457
MASGTSE,MASGTSE,1,Cluster-2,C2-Sub-1,13.51758681
TARSTST,TARSTST,1,Cluster-2,C2-Sub-2,11.38965006
TGSATTS,TGSATTS,1,Cluster-2,C2-Sub-2,12.67261129
ATAVTLQSAA,ATAVTLQSAA,1,Cluster-2,C2-Sub-3,12.39364808
DCQVST,DCQVST,1,Cluster-2,C2-Sub-2,14.10314002
ETCTRS,ETCTRS,1,Cluster-2,C2-Sub-2,13.53914918
TNCYKA,TNCYKA,1,Cluster-2,C2-Sub-3,12.69013072
KTCTDS,KTCTDS,1,Cluster-2,C2-Sub-2,13.54723507
ASTLTTTPG,ASTLTTTPG,1,Cluster-2,C2-Sub-2,10.42338619
STATNCYIDNSQLVDT,STATNCYIDNSQLVDT,1,Cluster-2,C2-Sub-3,12.98661336
SICTRSQYSDANVKK,SICTRSQYSDANVKK,1,Cluster-2,C2-Sub-3,11.85324109
PDTTLTEC,PDTTLTEC,1,Cluster-2,C2-Sub-3,14.70082207
CTITRGVATPAAACKISG,CTITRGVATPAAACKISG,1,Cluster-2,C2-Sub-2,12.99941602
GAAGAGSSGP,GAAGAGSSGP,0,Cluster-1,Cluster-1,11.44018687
DEQPNTISG,DEQPNTISG,1,Cluster-2,C2-Sub-3,13.86123714
SNNTVRSG,SNNTVRSG,1,Cluster-2,C2-Sub-2,11.16324514
SKNVLAG,SKNVLAG,1,Cluster-2,C2-Sub-3,11.87817259
DNNSVSG,DNNSVSG,1,Cluster-2,C2-Sub-2,13.16248147
NDNTVTG,NDNTVTG,1,Cluster-2,C2-Sub-2,14.58829343
SNNNVAVT,SNNNVAVT,1,Cluster-2,C2-Sub-2,14.02362877
TNHIVTD,TNHIVTD,1,Cluster-2,C2-Sub-3,13.0324334
NNNNVSG,NNNNVSG,1,Cluster-2,C2-Sub-2,14.60042226
MMRSEV,MMRSEV,1,Cluster-2,C2-Sub-1,12.75683932
SFHTVSG,SFHTVSG,1,Cluster-2,C2-Sub-2,15.74592336
GHNTVSG,GHNTVSG,1,Cluster-2,C2-Sub-1,13.04995283
SNNTVSG,SNNTVSG,1,Cluster-2,C2-Sub-2,14.19141099
NISNKDRFNG,NISNKDRFNG,1,Cluster-2,C2-Sub-2,15.61722295
EGKVTNPSG,EGKVTNPSG,1,Cluster-2,C2-Sub-1,14.91038138
MEGKVTNPIG,MEGKVTNPIG,1,Cluster-2,C2-Sub-1,13.35047842
GKVTNPSGIP,GKVTNPSGIP,1,Cluster-2,C2-Sub-2,15.34499798
WTSSVGASAD,WTSSVGASAD,1,Cluster-2,C2-Sub-2,12.79053052
QTSVALQSAT,QTSVALQSAT,1,Cluster-2,C2-Sub-3,15.35308387
TGVSTVPQSV,TGVSTVPQSV,1,Cluster-2,C2-Sub-2,11.94555501
SDTSQNPNKNKNTNKNYNNRYDFETNYKTGPN,SDTSQNPNKNKNTNKNYNNRYDFETNYKTGPN,1,Cluster-2,C2-Sub-3,13.65504694
SPVGAS,SPVGAS,1,Cluster-2,C2-Sub-2,14.93935582
AVTLKT,AVTLKT,1,Cluster-2,C2-Sub-3,13.66380666
STVPQSVITGAVGLS,STVPQSVITGAVGLS,1,Cluster-2,C2-Sub-2,15.09029244
AKFEGVILAK,AKFEGVILAK,1,Cluster-2,C2-Sub-3,13.95692017
SSLNGRILSQ,SSLNGRILSQ,1,Cluster-2,C2-Sub-3,12.53919411
KKIILAG,KKIILAG,1,Cluster-2,C2-Sub-3,15.38677508
CVNTN,CVNTN,1,Cluster-2,C2-Sub-3,14.25340281
STATN,STATN,1,Cluster-2,C2-Sub-2,14.5458425
SVTTD,SVTTD,1,Cluster-2,C2-Sub-2,13.98185167
TTCTG,TTCTG,1,Cluster-2,C2-Sub-2,13.41651318
STTTG,STTTG,1,Cluster-2,C2-Sub-2,12.42666547
CTITR,CTITR,1,Cluster-2,C2-Sub-2,13.4252729
QLIPINTALTLIM,QLIPINTALTLIM,1,Cluster-2,C2-Sub-3,13.57216657
KSLRLSSTS,KSLRLSSTS,0,Cluster-1,Cluster-1,13.43403261
LTKLTCLDLS,LTKLTCLDLS,1,Cluster-2,C2-Sub-3,16.28161358
LKALHL,LKALHL,1,Cluster-2,C2-Sub-3,12.8734109
PIRLDFS,PIRLDFS,1,Cluster-2,C2-Sub-3,14.15704595
TTCTGSQRNGDYERS,TTCTGSQRNGDYERS,1,Cluster-2,C2-Sub-1,14.01958582
NSCRAVGV,NSCRAVGV,1,Cluster-2,C2-Sub-1,13.45492116
NVACTGS,NVACTGS,1,Cluster-2,C2-Sub-3,14.45420242
VGERYGTN,VGERYGTN,1,Cluster-2,C2-Sub-1,12.60994564
QTYRDLN,QTYRDLN,1,Cluster-2,C2-Sub-3,14.32011141
DTASDAKAAAEL,DTASDAKAAAEL,1,Cluster-2,C2-Sub-3,10.62755492
DTASDAFAAAAL,DTASDAFAAAAL,0,Cluster-1,Cluster-1,10.77444859
PPPPPPPPPP,PPPPPPPPPP,1,Cluster-2,C2-Sub-2,14.33224024
KCCTKNCDSTAHCT,KCCTKNCDSTAHCT,1,Cluster-2,C2-Sub-3,12.06212659
QRDPINTALTRDM,QRDPINTALTRDM,1,Cluster-2,C2-Sub-3,14.05664615
TATAVARANAE,TATAVARANAE,1,Cluster-2,C2-Sub-3,15.90898881
TNCDNA,TNCDNA,1,Cluster-2,C2-Sub-3,10.93684021
TSNATSSSTA,TSNATSSSTA,0,Cluster-1,Cluster-1,9.09393109
TCTNSKDCFEAQ,TCTNSKDCFEAQ,1,Cluster-2,C2-Sub-3,6.964646692
